Claim_Amount,Annual_Income,Suspicious_Flags,Claim_to_income_ratio,Policy_Claim_Diff_Days,Claim_Type_Auto,Claim_Type_Home,Claim_Type_Life,Claim_Type_Medical,Elliptic_Outlier,IsoForest_Outlier,LOF_Outlier,Anomaly_Flag,Anomaly_Score,Actual_Label,Fraud_Score,Predicted_Label
18302.48,150230.75,0,0.12182911953777771,1169,0,1,0,0,0,0,1,1,1,1,0.024478989,0
11235.66,31326.45,0,0.358663685160623,1313,0,0,0,1,0,0,0,0,0,0,0.053898085,0
32018.04,7496.95,1,4.270808795576868,3458,0,0,0,1,1,1,0,1,2,1,0.6825649,1
49714.52,132816.08,0,0.37431100210155277,1306,0,0,0,1,0,0,0,0,0,0,0.039839685,0
10976.63,200026.78,0,0.05487580213009478,1735,1,0,0,0,0,0,0,0,0,0,0.03524592,0
4667.3,72916.03,0,0.06400924460643291,1875,0,0,0,1,0,0,0,0,0,0,0.032421835,0
5109.3,72765.73,0,0.07021574579132238,2174,1,0,0,0,0,0,0,0,0,0,0.03287848,0
19468.15,192244.27,0,0.10126777770801701,789,1,0,0,0,0,0,0,0,0,0,0.03608525,0
28583.87,12764.41,1,2.2393412621499937,3012,0,1,0,0,1,0,0,1,1,1,0.6491964,1
27870.74,66095.45,0,0.42167410918603326,3504,1,0,0,0,0,0,0,0,0,0,0.031423844,0
15640.88,185285.59,0,0.08441498337782231,1367,0,1,0,0,0,0,0,0,0,0,0.02623838,0
58728.65,422869.76,0,0.13888117703190694,2028,0,0,1,0,0,0,0,0,0,0,0.05851348,0
27467.44,52650.94,0,0.5216894513184379,2249,1,0,0,0,0,0,0,0,0,0,0.027667062,0
25368.01,11409.81,1,2.223350783229519,431,1,0,0,0,1,0,0,1,1,1,0.869694,1
79311.0,162907.0,0,0.48684832450416493,1646,0,0,1,0,0,0,0,0,0,0,0.028075706,0
99991.09,134434.36,1,0.7437911706501226,1894,0,0,1,0,0,0,1,1,1,1,0.79715127,1
22297.57,5744.87,1,3.881301056420772,439,1,0,0,0,1,1,0,1,2,1,0.85395265,1
64985.66,107644.49,0,0.6037063299756449,1001,0,0,1,0,0,0,0,0,0,0,0.028075706,0
99518.88,125335.43,0,0.7940203340747306,2248,0,0,1,0,0,0,0,0,0,0,0.0503636,0
38289.36,269802.37,0,0.14191632193594148,2033,0,0,0,1,0,0,0,0,0,0,0.039585914,0
18758.1,40502.04,0,0.46313963444804257,481,1,0,0,0,0,0,0,0,0,0,0.050383285,0
46004.13,44470.01,1,1.0344978559707991,824,0,0,0,1,0,0,0,0,0,1,0.7805658,1
27563.59,122210.23,0,0.2255424116295338,1633,1,0,0,0,0,0,0,0,0,0,0.035586596,0
36611.05,78508.8,0,0.46633052600472813,3381,0,0,0,1,0,0,0,0,0,0,0.027850704,0
24769.17,26098.09,1,0.9490797985599712,3058,1,0,0,0,0,0,0,0,0,0,0.8766823,1
13267.72,202728.84,0,0.06544564650988977,3521,1,0,0,0,0,0,0,0,0,0,0.027238075,0
30766.61,13681.26,1,2.2488140712185865,1095,0,0,0,1,1,0,0,1,1,1,0.60905004,1
24110.51,56288.37,0,0.428339104507734,2136,0,0,0,1,0,0,0,0,0,0,0.039171185,0
26551.5,100386.44,0,0.26449289366173356,2794,1,0,0,0,0,0,0,0,0,0,0.036698136,0
50836.76,22743.65,0,2.2352067500159385,2591,0,0,1,0,0,0,0,0,0,0,0.05769388,0
36098.42,331729.55,0,0.10881882545585704,2757,0,0,0,1,0,0,0,0,0,0,0.03842025,0
45668.51,215384.85,0,0.21203213689356518,2609,0,1,0,0,0,0,0,0,0,0,0.024704594,0
23535.54,84850.22,0,0.27737747763058246,482,0,0,0,1,0,0,0,0,0,0,0.03424059,0
44351.01,156640.58,0,0.2831386987969529,2599,0,1,0,0,0,0,0,0,0,0,0.026261013,0
28209.3,185523.92,0,0.15205209118047958,2453,0,1,0,0,0,0,0,0,0,0,0.026966847,0
63473.04,97933.29,0,0.648125269762713,3529,0,1,0,0,0,0,0,0,0,0,0.01944227,0
4553.26,86019.32,0,0.052932992262668434,3196,0,0,0,1,0,0,0,0,0,0,0.03118734,0
17926.41,56767.45,0,0.3157867756962837,3633,1,0,0,0,0,0,0,0,0,0,0.035078064,0
54966.21,181005.1,0,0.30367216172361994,3330,0,1,0,0,0,0,1,1,1,0,0.026817674,0
50070.81,104281.93,0,0.4801484782646428,994,0,1,0,0,0,0,0,0,0,0,0.027059766,0
19860.44,329687.74,0,0.060240153303850484,3262,1,0,0,0,0,0,0,0,0,0,0.033124853,0
17610.12,111144.69,0,0.15844319688147043,1304,0,1,0,0,0,0,0,0,0,0,0.024478989,0
16244.73,11408.81,1,1.4238759344751994,3107,1,0,0,0,0,0,0,0,0,1,0.8435797,1
44133.22,250452.18,0,0.176214157928272,2958,0,1,0,0,0,0,0,0,0,0,0.024704594,0
19825.27,166690.88,0,0.11893434121890771,3131,0,0,0,1,0,0,0,0,0,0,0.02905527,0
60712.67,91725.55,0,0.6618948591750062,1605,0,1,0,0,0,0,0,0,0,0,0.021857725,0
63139.36,107043.68,0,0.5898466868852043,417,0,0,1,0,0,0,0,0,0,0,0.040109448,0
10615.38,227799.67,0,0.04659962852448381,2515,1,0,0,0,0,0,0,0,0,0,0.039326187,0
39976.3,3777.54,0,10.582627847752772,3273,0,1,0,0,1,1,0,1,2,0,0.061304074,0
15733.87,286492.16,0,0.054919024660221076,3321,0,0,0,1,0,0,0,0,0,0,0.028756585,0
29281.68,42300.3,0,0.6922333884156849,2401,1,0,0,0,0,0,0,0,0,0,0.048037056,0
16018.96,238999.03,0,0.06702520926549367,1586,1,0,0,0,0,0,0,0,0,0,0.03306555,0
47687.42,356814.53,0,0.133647640414195,1580,0,0,0,1,0,0,0,0,0,0,0.048187777,0
12782.82,233140.79,0,0.054828758193707756,3344,1,0,0,0,0,0,0,0,0,0,0.029979344,0
59039.46,86279.26,0,0.6842833376178702,1843,0,1,0,0,0,0,0,0,0,0,0.021857725,0
37333.38,24646.98,1,1.5147243191660804,1247,0,1,0,0,0,0,0,0,0,1,0.68276495,1
32492.03,150295.87,0,0.21618711146221117,2389,0,0,0,1,0,0,0,0,0,0,0.03692012,0
38439.02,22584.09,0,1.7020397988141207,1365,0,1,0,0,0,0,0,0,0,0,0.032121766,0
22643.55,80598.62,0,0.2809421550890077,1788,1,0,0,0,0,0,0,0,0,0,0.037924714,0
47798.72,195059.23,0,0.24504720950656883,2574,0,0,1,0,0,0,0,0,0,0,0.039273296,0
28814.92,196902.16,0,0.14634130981600202,2067,0,1,0,0,0,0,0,0,0,0,0.024479609,0
52774.71,184210.66,0,0.286491074946477,692,0,1,0,0,0,0,1,1,1,0,0.029044753,0
23838.98,199188.14,0,0.11968071994647873,2054,1,0,0,0,0,0,0,0,0,1,0.03620349,0
17855.17,153173.7,0,0.11656811841719562,3522,0,0,0,1,0,0,1,1,1,0,0.029080024,0
42085.65,145891.24,0,0.2884727691669493,658,0,0,0,1,0,0,0,0,0,0,0.044542305,0
16206.17,49803.08,0,0.3254049749533563,3200,0,0,0,1,0,0,0,0,0,0,0.03145613,0
2866.54,393344.83,0,0.007287600551404222,1496,0,0,0,1,0,0,0,0,0,0,0.11683536,0
4960.59,93367.82,0,0.05312954720373679,925,1,0,0,0,0,0,0,0,0,0,0.034891654,0
4128.23,324148.2,0,0.012735625247957568,2162,0,0,0,1,0,0,0,0,0,0,0.108239345,0
41576.3,94139.05,0,0.44164775404043277,731,0,0,1,0,0,0,0,0,0,0,0.04469845,0
36261.52,117488.28,0,0.30863946599609765,2057,0,0,1,0,0,0,0,0,0,0,0.03769899,0
38891.78,99755.29,0,0.3898718554173919,2377,0,0,1,0,0,0,0,0,0,0,0.04531991,0
8068.31,107706.8,0,0.07490994069083846,2579,0,0,0,1,0,0,0,0,0,0,0.033772603,0
22963.7,366639.72,0,0.06263287567424501,1095,0,0,0,1,0,0,0,0,0,0,0.042086296,0
29223.95,122264.25,0,0.2390228541867308,2975,0,1,0,0,0,0,0,0,0,0,0.023422154,0
13354.71,53794.58,0,0.24825382036628965,3123,1,0,0,0,0,0,0,0,0,0,0.02960117,0
26552.08,242453.83,0,0.10951396395759144,2510,0,0,1,0,0,0,0,0,0,0,0.042811073,0
36396.52,389202.95,0,0.0935155296227842,1403,0,0,1,0,0,0,0,0,0,0,0.0498831,0
2619.9,437861.62,0,0.005983397220336416,2730,1,0,0,0,0,1,1,1,2,0,0.13384621,0
5560.96,147160.09,0,0.03778850638104394,2088,1,0,0,0,0,0,0,0,0,0,0.035381816,0
14857.54,9254.03,1,1.605521054070497,2719,0,0,1,0,0,0,0,0,0,0,0.8435797,1
13220.59,142736.96,0,0.09262205107913186,2280,1,0,0,0,0,0,0,0,0,0,0.038817137,0
11164.32,67145.84,0,0.16626971976223695,3312,0,0,1,0,0,0,0,0,0,0,0.031582974,0
35156.53,195285.96,0,0.18002589638292482,1813,0,1,0,0,0,0,0,0,0,0,0.021978829,0
83705.35,17502.19,0,4.782564353375207,1710,0,0,1,0,1,1,0,1,2,0,0.073734805,0
32564.73,12389.0,1,2.6285196545322465,1207,0,0,0,1,1,0,0,1,1,1,0.6491321,1
28304.14,81215.92,0,0.3485048251623573,1549,1,0,0,0,0,0,0,0,0,0,0.037802022,0
22176.2,23512.52,1,0.9431655985832229,3227,0,0,0,1,0,0,0,0,0,1,0.8559693,1
51205.68,266753.17,0,0.19195903088986724,1501,0,1,0,0,0,0,0,0,0,0,0.025457246,0
41237.42,34611.28,1,1.1914445232883615,2042,0,1,0,0,0,0,0,0,0,1,0.7319487,1
19221.27,61714.67,0,0.311453824512065,1527,0,1,0,0,0,0,0,0,0,0,0.026836434,0
32939.97,62035.46,0,0.5309861488896834,899,0,1,0,0,0,0,0,0,0,0,0.017001264,0
46027.8,280965.44,0,0.16382014812925036,2990,0,0,0,1,0,0,0,0,0,0,0.034607287,0
29455.52,54414.14,0,0.541321061033033,2279,0,0,0,1,0,0,0,0,0,0,0.027144633,0
75312.27,24533.37,0,3.069789026130532,668,0,0,1,0,1,1,0,1,2,0,0.07233103,0
24888.08,101831.93,0,0.2444034989811153,3032,1,0,0,0,0,0,0,0,0,0,0.036045626,0
17454.22,102933.03,0,0.1695686991823713,1646,0,1,0,0,0,0,0,0,0,0,0.024478989,0
35085.52,132114.24,0,0.26556955556039985,1940,0,0,0,1,0,0,0,0,0,0,0.03429489,0
9821.98,313465.97,0,0.03133348095169629,856,1,0,0,0,0,0,0,0,0,0,0.033495307,0
75793.22,47664.15,0,1.5901515079991986,2918,0,0,1,0,0,0,0,0,0,0,0.063756764,0
28417.98,200095.29,0,0.14202223350684565,1320,1,0,0,0,0,0,0,0,0,0,0.035586596,0
81289.52,175530.24,0,0.46310835101689607,1295,0,0,1,0,0,0,0,0,0,0,0.040765837,0
19015.39,8501.15,1,2.2368020797186263,2375,0,0,1,0,1,0,0,1,1,0,0.818831,1
60084.64,72924.3,1,0.823931666125009,2309,0,1,0,0,0,0,0,0,0,1,0.7595828,1
56790.24,42833.61,0,1.3258336152381271,3402,0,1,0,0,0,0,0,0,0,0,0.048888423,0
7204.43,213094.53,0,0.03380861066682472,450,0,0,0,1,0,0,0,0,0,0,0.03149252,0
37774.22,280322.64,0,0.13475265501209607,3170,0,0,0,1,0,0,0,0,0,0,0.02988499,0
27371.85,76335.18,0,0.35857451308819865,1968,1,0,0,0,0,0,0,0,0,0,0.03833145,0
10294.03,223963.55,0,0.04596297031369614,1478,1,0,0,0,0,0,0,0,0,0,0.03524592,0
47442.45,38137.38,1,1.243988181673728,707,0,0,0,1,0,0,0,0,0,1,0.6837729,1
58342.13,300403.96,0,0.19421225339373022,1757,0,1,0,0,0,0,0,0,0,0,0.023575557,0
15243.37,414055.94,0,0.03681475986070868,3604,0,1,0,0,0,0,0,0,0,0,0.06503946,0
61224.97,22569.0,1,2.712790553413975,870,0,1,0,0,1,0,0,1,1,1,0.74456954,1
6343.02,82342.69,0,0.07703197454443134,633,0,1,0,0,0,0,0,0,0,0,0.036487002,0
55936.42,56729.08,1,0.9860272720798574,2084,0,0,1,0,0,0,0,0,0,1,0.7703171,1
3637.42,258823.45,0,0.014053672493740423,2868,1,0,0,0,0,0,0,0,0,0,0.059312314,0
82849.96,168010.63,0,0.4931233220183747,1398,0,0,1,0,0,0,0,0,0,0,0.029181987,0
16675.77,60374.59,0,0.2762051054922278,1114,0,0,0,1,0,0,0,0,0,0,0.039515175,0
21134.2,321371.88,0,0.06576244318575726,2842,0,0,0,1,0,0,0,0,0,0,0.03330817,0
8748.83,447165.52,0,0.01956508185157031,2962,1,0,0,0,0,0,0,0,0,0,0.04998945,0
6499.12,453619.07,0,0.014327263622316407,636,0,1,0,0,0,1,0,1,1,0,0.044876345,0
43363.99,137662.95,0,0.31500116770707004,1010,0,1,0,0,0,0,0,0,0,0,0.028176272,0
51948.08,243783.85,0,0.21309073591216154,1388,0,1,0,0,0,0,0,0,0,0,0.025457246,0
88725.39,164942.63,0,0.5379166683591743,2849,0,0,1,0,0,0,0,0,0,0,0.028322412,0
11043.72,64440.09,0,0.17137964891110488,1901,0,1,0,0,0,0,0,0,0,0,0.02409595,0
2402.95,392561.02,0,0.006121213970760519,3208,0,0,0,1,0,1,0,1,1,0,0.11299194,0
17100.35,288338.04,0,0.05930660415115536,643,1,0,0,0,0,0,0,0,0,0,0.03378103,0
40442.04,53665.69,1,0.7535920995332399,3081,0,1,0,0,0,0,0,0,0,1,0.8061014,1
98641.38,64086.47,1,1.5391919698494863,1586,0,0,1,0,0,1,0,1,1,1,0.768925,1
65827.28,300917.86,0,0.21875497851805806,2183,0,0,1,0,0,0,0,0,0,0,0.03835522,0
25506.62,423137.4,0,0.06027975782807191,925,1,0,0,0,0,0,0,0,0,0,0.04375837,0
14500.05,8504.7,0,1.7049455007231293,2183,0,1,0,0,0,0,0,0,0,0,0.031745628,0
27157.57,95582.89,0,0.28412585139453306,2076,0,1,0,0,0,0,0,0,0,0,0.026022231,0
91854.91,126447.59,0,0.7264267353770839,3000,0,0,1,0,0,0,0,0,0,0,0.052816432,0
22408.37,109576.04,0,0.20450063718309222,2167,1,0,0,0,0,0,0,0,0,0,0.03620349,0
13883.74,343862.92,0,0.0403757985885771,534,1,0,0,0,0,0,0,0,0,0,0.03703089,0
10004.33,421220.76,0,0.023750799936831223,1289,0,0,1,0,0,0,0,0,0,0,0.048790205,0
17461.21,234084.09,0,0.07459374962219772,3134,1,0,0,0,0,0,0,0,0,0,0.027476989,0
12471.98,147383.28,0,0.08462276046509482,945,1,0,0,0,0,0,0,0,0,0,0.03828127,0
23248.88,17738.28,1,1.3106614621034285,1109,0,1,0,0,0,0,0,0,0,1,0.8412597,1
22234.21,275701.78,0,0.08064587033134134,3509,1,0,0,0,0,0,0,0,0,0,0.03182999,0
38339.0,122349.28,0,0.3133569727586464,1032,0,0,1,0,0,0,0,0,0,0,0.04469845,0
43901.85,114691.11,0,0.38278337353261294,670,0,0,0,1,0,0,0,0,0,0,0.042805847,0
75067.77,269262.94,0,0.27878983271890295,1653,0,0,1,0,0,0,0,0,0,0,0.04225892,0
45286.12,61450.63,1,0.7369512729161606,2830,0,0,1,0,0,0,0,0,0,1,0.7542585,1
21928.29,117764.1,0,0.18620521873813836,2012,0,1,0,0,0,0,0,0,0,0,0.024560165,0
49440.47,150567.85,0,0.32836007155578034,1954,0,0,1,0,0,0,0,0,0,0,0.043554522,0
45742.33,243421.51,0,0.18791408368142978,375,0,0,0,1,0,0,0,0,0,0,0.047596797,0
18097.55,203606.32,0,0.08888501103502092,995,1,0,0,0,0,0,0,0,0,0,0.03864578,0
54399.36,135032.4,0,0.40286153545371334,1636,0,0,1,0,0,0,0,0,0,0,0.042956177,0
69654.86,306846.75,0,0.22700211098862869,1842,0,1,0,0,0,0,0,0,0,0,0.023780566,0
36930.51,104846.91,0,0.3522326981310179,1398,0,0,0,1,0,0,0,0,0,0,0.03381925,0
14839.76,60148.43,0,0.2467189916677792,3311,0,0,1,0,0,0,0,0,0,0,0.03307928,0
27367.18,34916.77,1,0.7837832651760173,2779,0,0,0,1,0,0,0,0,0,1,0.7256403,1
3849.5,239860.12,0,0.016048937188891593,1352,0,0,0,1,0,0,1,1,1,0,0.05123925,0
16229.05,207354.39,0,0.07826721199392016,2319,0,1,0,0,0,0,0,0,0,0,0.026610332,0
13294.87,19286.75,0,0.6893266102375984,1380,0,0,1,0,0,0,0,0,0,0,0.034009364,0
20149.35,121741.47,0,0.16550933712234622,1241,0,0,1,0,0,0,0,0,0,0,0.038919955,0
31500.14,128709.48,0,0.24473830521263856,1968,0,0,0,1,0,0,0,0,0,0,0.03692012,0
96246.86,48437.71,1,1.9870233336794825,3562,0,0,1,0,0,1,0,1,1,1,0.61732024,1
29951.05,287495.04,0,0.10417936253787197,2178,1,0,0,0,0,0,0,0,0,0,0.03429529,0
6835.62,259554.95,0,0.02633592616900583,1141,0,0,0,1,0,0,0,0,0,0,0.034891654,0
15109.15,214606.16,0,0.07040408346153716,1541,1,0,0,0,0,0,0,0,0,0,0.03306555,0
97801.9,80864.52,1,1.209453787643827,2310,0,0,1,0,0,0,0,0,0,1,0.763568,1
8684.68,39294.78,0,0.22101357992079357,1806,1,0,0,0,0,0,0,0,0,0,0.052008662,0
27503.4,76769.08,0,0.35826142504247804,1802,0,0,1,0,0,0,0,0,0,0,0.04076588,0
16178.26,337610.6,0,0.04791988166248335,1158,1,0,0,0,0,0,0,0,0,0,0.038871728,0
13305.54,190006.33,0,0.07002682489578112,3014,0,0,1,0,0,0,0,0,0,0,0.034136865,0
28552.5,260896.7,0,0.1094398664298935,958,0,0,1,0,0,0,0,0,0,0,0.038383685,0
59669.19,315418.95,0,0.18917439805059272,378,0,0,1,0,0,0,0,0,0,0,0.05017367,0
60229.76,82381.58,1,0.7311071237041096,1403,0,0,1,0,0,0,0,0,0,0,0.73601425,1
24452.82,75928.05,0,0.32205252209163804,867,0,0,1,0,0,0,0,0,0,0,0.040897783,0
27147.6,263438.9,0,0.10305084025176235,3645,0,0,0,1,0,0,0,0,0,0,0.031989835,0
22985.87,152665.21,0,0.1505639038520957,3246,1,0,0,0,0,0,0,0,0,0,0.028744748,0
15799.39,8682.0,0,1.819786915457268,3301,0,0,1,0,0,0,0,0,0,0,0.040048834,0
61633.7,50274.74,1,1.2259377174302641,1844,0,1,0,0,0,0,0,0,0,1,0.7842326,1
98194.62,282920.11,0,0.34707543412166775,1819,0,0,1,0,0,1,0,1,1,0,0.037418503,0
58532.33,406842.76,0,0.14386966109462043,1884,0,1,0,0,0,0,0,0,0,0,0.031531565,0
22798.87,245164.52,0,0.09299416571370114,2648,1,0,0,0,0,0,0,0,0,0,0.03832007,0
11586.83,278457.02,0,0.04161083818249581,486,0,0,1,0,0,0,0,0,0,0,0.03491287,0
79117.07,218445.43,0,0.3621823079567286,2430,0,0,1,0,0,0,0,0,0,0,0.0471114,0
64821.68,77894.67,1,0.8321709303088388,2001,0,1,0,0,0,0,0,0,0,1,0.7856844,1
18271.04,48336.65,0,0.37799557892406693,3535,1,0,0,0,0,0,0,0,0,0,0.034657568,0
11163.21,15097.67,1,0.7393995232376915,599,1,0,0,0,0,0,0,0,0,1,0.82944554,1
30869.48,107055.96,0,0.2883490092471264,2920,0,0,0,1,0,0,0,0,0,0,0.036011495,0
5720.13,66413.91,0,0.08612849326293241,2771,1,0,0,0,0,0,0,0,0,0,0.042069294,0
10578.72,250822.74,0,0.042176080207081704,799,1,0,0,0,0,0,0,0,0,0,0.03524592,0
4182.6,116389.94,0,0.035936095507910736,1908,1,0,0,0,0,0,0,0,0,0,0.034891654,0
25881.09,196678.62,0,0.13159076466979483,3650,0,0,0,1,0,0,0,0,0,0,0.032952093,0
14459.07,8945.74,0,1.6163078739154055,3307,1,0,0,0,0,0,0,0,0,0,0.039620847,0
11992.62,42764.17,0,0.28043616887688927,819,0,1,0,0,0,0,0,0,0,0,0.03632461,0
24591.82,4925.14,1,4.993121007727699,2553,1,0,0,0,1,1,0,1,2,1,0.75992244,1
15898.49,32083.11,0,0.4955408001281671,1214,1,0,0,0,0,0,0,0,0,0,0.032607082,0
12146.31,50809.35,0,0.23905659096209653,2499,0,0,0,1,0,0,0,0,0,0,0.039165784,0
11792.1,9853.69,0,1.1967191985946382,1101,0,0,0,1,0,0,0,0,0,0,0.043525975,0
15276.66,71191.34,0,0.2145859313787323,2537,0,0,1,0,0,0,0,0,0,0,0.044740677,0
49126.17,130824.61,0,0.3755116869830531,3327,0,1,0,0,0,0,0,0,0,0,0.02687183,0
22083.61,380927.68,0,0.05797323523457261,2296,1,0,0,0,0,0,0,0,0,0,0.046992064,0
27359.03,25434.01,1,1.0756868460773585,3168,1,0,0,0,0,0,0,0,0,1,0.76830155,1
41889.93,15016.89,0,2.7895209993547265,2947,0,1,0,0,1,0,0,1,1,0,0.031292535,0
13876.07,90000.35,0,0.15417795597461564,3253,0,0,1,0,0,0,0,0,0,0,0.031355683,0
40655.03,18434.46,0,2.205382202679113,2840,0,1,0,0,0,0,0,0,0,0,0.035236422,0
28014.28,64659.08,0,0.43326134550630785,2119,0,1,0,0,0,0,0,0,0,0,0.026837112,0
37703.72,15805.08,0,2.3855443945870567,3184,0,0,0,1,1,0,0,1,1,0,0.032860044,0
23906.24,17938.78,1,1.332656958834436,464,1,0,0,0,0,0,0,0,0,1,0.84751093,1
22115.38,32458.86,0,0.6813356969406812,1090,1,0,0,0,0,0,0,0,0,0,0.04424464,0
25590.76,24568.87,1,1.0415928774909062,2245,1,0,0,0,0,0,0,0,0,1,0.88069975,1
26849.59,115878.15,0,0.23170537327356366,2755,1,0,0,0,0,0,0,0,0,0,0.034545083,0
14374.79,186373.0,0,0.07712914424299658,2390,0,0,0,1,0,0,0,0,0,0,0.03918654,0
48391.04,135559.84,0,0.356971799317556,1977,0,0,0,1,0,0,0,0,0,0,0.040396452,0
85403.4,48593.32,1,1.7575131725924467,3182,0,0,1,0,0,0,0,0,0,0,0.7649307,1
21729.17,102248.91,0,0.2125124854631702,1215,0,0,1,0,0,0,0,0,0,0,0.038508188,0
71299.85,47661.65,1,1.4959584907362629,932,0,0,1,0,0,0,0,0,0,1,0.7579435,1
11160.99,72979.81,0,0.15293257135089827,2101,1,0,0,0,0,0,0,0,0,0,0.03624568,0
24049.42,156023.87,0,0.1541393634191999,2521,0,0,0,1,0,0,0,0,0,0,0.039833285,0
35544.25,140612.58,0,0.25278143676760645,3072,0,0,0,1,0,0,0,0,0,0,0.032827705,0
27605.3,20619.81,1,1.3387756725207458,1851,1,0,0,0,0,0,0,0,0,0,0.727397,1
91563.92,284894.15,0,0.32139627998679504,443,0,0,1,0,0,1,0,1,1,0,0.04086751,0
13592.2,375483.24,0,0.03619921890521665,1764,0,0,0,1,0,0,0,0,0,0,0.05035133,0
9612.7,196775.87,0,0.04885101003491943,1907,0,1,0,0,0,0,0,0,0,0,0.023032645,0
90114.07,217602.08,0,0.41412320139586906,2578,0,0,1,0,0,0,0,0,0,0,0.039578963,0
10935.91,177442.46,0,0.061630739339389236,1610,1,0,0,0,0,0,0,0,0,0,0.03275188,0
57455.81,94628.36,0,0.6071732618001622,903,0,0,1,0,0,0,0,0,0,0,0.027834732,0
59770.77,155465.44,0,0.3844633894195391,829,0,1,0,0,0,0,0,0,0,0,0.026384594,0
8488.58,214408.79,0,0.03959063432054254,2010,0,0,0,1,0,0,0,0,0,0,0.03445481,0
12954.11,300238.93,0,0.04314600375107919,507,1,0,0,0,0,0,0,0,0,0,0.03190063,0
13640.12,63380.45,0,0.21521021071955154,1318,0,0,1,0,0,0,0,0,0,0,0.040122095,0
48614.64,45545.61,1,1.0673836622234283,450,0,1,0,0,0,0,0,0,0,0,0.7627129,1
30928.29,37085.56,1,0.8339712276152768,1775,0,0,0,1,0,0,0,0,0,1,0.5884803,1
26879.44,180270.08,0,0.1491064962083558,1604,1,0,0,0,0,0,0,0,0,0,0.035586596,0
24978.89,356944.64,0,0.06997973131071529,3574,0,0,1,0,0,0,0,0,0,0,0.049339224,0
32944.72,102959.49,0,0.3199774979460368,866,0,0,0,1,0,0,0,0,0,0,0.03381925,0
11653.42,192646.52,0,0.06049120430516991,1020,0,0,0,1,0,0,0,0,0,0,0.031569842,0
53396.87,224468.17,0,0.23788170055469335,2669,0,1,0,0,0,0,0,0,0,0,0.024704594,0
36211.27,247810.58,0,0.1461247941875605,1114,0,1,0,0,0,0,0,0,0,0,0.021978829,0
18951.06,186200.13,0,0.10177790960725967,1327,0,0,0,1,0,0,0,0,0,0,0.03608525,0
28629.83,128734.39,0,0.22239457537337148,1849,1,0,0,0,0,0,0,0,0,0,0.035586596,0
33859.68,111243.28,0,0.30437505977889184,3347,0,0,0,1,0,0,0,0,0,0,0.027850704,0
33608.63,435359.42,0,0.07719743378930448,1058,0,1,0,0,0,0,0,0,0,0,0.027146952,0
77999.3,41002.05,0,1.9023268348777682,1123,0,0,1,0,0,0,1,1,1,0,0.07356973,0
20775.14,51067.7,0,0.4068156584298882,1657,0,1,0,0,0,0,0,0,0,0,0.028052354,0
25726.61,133898.71,0,0.19213486074660466,3157,0,0,0,1,0,0,0,0,0,0,0.029903315,0
64831.45,113420.25,0,0.5716038361756388,1649,0,0,1,0,0,0,0,0,0,0,0.028075706,0
32949.52,132228.91,0,0.24918544666215578,2371,0,1,0,0,0,0,0,0,0,0,0.022291781,0
14649.57,83491.17,0,0.1754625069932545,1931,0,0,0,1,0,0,0,0,0,0,0.03659155,0
26066.8,246170.37,0,0.1058892668520586,2129,1,0,0,0,0,0,0,0,0,0,0.03765103,0
1910.44,211224.79,0,0.009044582314414894,664,0,0,0,1,0,0,1,1,1,0,0.07017599,0
24762.68,56501.12,0,0.43826883431691266,2046,1,0,0,0,0,0,0,0,0,0,0.039171185,0
43947.81,181425.01,0,0.24223677871093954,1631,0,1,0,0,0,0,0,0,0,0,0.025457246,0
28436.23,90806.5,0,0.3131519219439137,471,1,0,0,0,0,0,0,0,0,0,0.034129392,0
4291.07,34456.93,0,0.12453430993416999,3445,1,0,0,0,0,0,0,0,0,0,0.04302545,0
2440.74,70931.67,0,0.03440973545385298,2795,1,0,0,0,0,0,0,0,0,0,0.038745694,0
6401.98,41630.96,0,0.15377930271125143,523,0,0,0,1,0,0,0,0,0,0,0.046556313,0
29316.83,5045.85,1,5.810087497646581,478,0,1,0,0,1,1,0,1,2,1,0.68676174,1
16570.98,172892.03,0,0.09584582933059436,649,1,0,0,0,0,0,0,0,0,0,0.038783178,0
18491.23,126330.32,0,0.14637206649995027,1422,1,0,0,0,0,0,0,0,0,0,0.03608525,0
41093.66,50883.11,1,0.807609047481571,1615,0,0,0,1,0,0,0,0,0,1,0.7876047,1
25667.05,101834.51,0,0.2520466784786415,2809,1,0,0,0,0,0,0,0,0,0,0.038288493,0
9161.75,197329.2,0,0.04642875965645226,985,0,0,0,1,0,0,0,0,0,0,0.033977035,0
71799.39,70548.77,1,1.0177270277001285,665,0,0,1,0,0,0,0,0,0,1,0.7504208,1
23024.58,248447.16,0,0.09267395127398519,1567,1,0,0,0,0,0,0,0,0,0,0.0382368,0
33381.04,98386.41,0,0.3392850699603736,3515,0,1,0,0,0,0,0,0,0,0,0.022694774,0
84202.75,60265.73,0,1.397191239531986,377,0,0,1,0,0,1,0,1,1,0,0.07327568,0
64343.55,82086.61,1,0.7838495218647719,1213,0,0,1,0,0,0,0,0,0,0,0.7638792,1
47387.21,141142.02,0,0.33574133344556073,1949,0,1,0,0,0,0,0,0,0,0,0.027443036,0
93585.18,157909.65,0,0.592650164191992,1747,0,0,1,0,0,0,0,0,0,0,0.032409284,0
44608.05,68364.49,0,0.6525032220674798,1292,0,0,0,1,0,0,0,0,0,0,0.02911943,0
10473.87,66567.69,0,0.15734164727662925,1217,0,1,0,0,0,0,0,0,0,0,0.02409595,0
26136.18,209372.65,0,0.12483091750522335,2818,1,0,0,0,0,0,0,0,0,0,0.034545083,0
49747.64,96255.68,0,0.5168280978327721,802,0,0,0,1,0,0,0,0,0,0,0.03508712,0
22964.66,23506.96,1,0.9769302368319851,3094,0,1,0,0,0,0,0,0,0,1,0.86507154,1
8772.35,294684.3,0,0.02976863714829735,722,1,0,0,0,0,0,0,0,0,0,0.033495307,0
20039.64,124575.93,0,0.16086285689378357,2577,1,0,0,0,0,0,0,0,0,0,0.035029676,0
16773.18,90941.77,0,0.1844386798277623,3430,0,0,1,0,0,0,0,0,0,0,0.030178826,0
63636.92,290171.9,0,0.21930765866715554,525,0,1,0,0,0,0,0,0,0,0,0.025100073,0
46297.89,244485.31,0,0.18936880093122976,626,0,0,1,0,0,0,0,0,0,0,0.04346103,0
11359.67,68877.78,0,0.1649250309751563,2266,0,0,1,0,0,0,0,0,0,0,0.038856223,0
9552.29,98194.91,0,0.09727887117570555,1031,0,1,0,0,0,0,0,0,0,0,0.023362305,0
16229.18,126706.29,0,0.12808503824080084,913,1,0,0,0,0,0,0,0,0,0,0.03608525,0
9014.04,160842.72,0,0.056042573763985096,3250,1,0,0,0,0,0,0,0,0,0,0.027214842,0
19390.08,394256.43,0,0.04918139191794539,2008,0,0,0,1,0,0,0,0,0,0,0.051047187,0
43793.83,113277.47,0,0.38660671005452363,2603,0,1,0,0,0,0,0,0,0,0,0.026261013,0
43350.81,229210.5,0,0.18913099530780658,424,0,1,0,0,0,0,0,0,0,0,0.02555655,0
43236.37,94428.21,0,0.4578755649397569,2497,0,0,0,1,0,0,0,0,0,0,0.046226315,0
37449.6,381037.86,0,0.09828314698177236,2612,0,0,1,0,0,0,0,0,0,0,0.05142085,0
17247.34,126202.52,0,0.13666399054472128,3084,1,0,0,0,0,0,0,0,0,0,0.035029676,0
41416.98,182437.59,0,0.2270199907815051,862,0,0,0,1,0,0,0,0,0,0,0.039039865,0
19871.72,185205.39,0,0.10729558140829487,3621,1,0,0,0,0,0,0,0,0,0,0.033060666,0
50966.68,148853.01,0,0.34239603216622894,653,0,0,1,0,0,0,0,0,0,0,0.04614322,0
35726.55,213280.25,0,0.1675098842954282,1339,0,0,0,1,0,0,0,0,0,0,0.03182952,0
43675.11,119401.93,0,0.36578227839365746,3605,0,0,0,1,0,0,0,0,0,0,0.034208428,0
12065.66,167572.03,0,0.07200282767953578,885,1,0,0,0,0,0,0,0,0,0,0.03275188,0
71067.69,22097.82,1,3.216049818488883,1427,0,0,1,0,1,0,0,1,1,1,0.72688794,1
10982.4,145192.56,0,0.07564023941722633,2896,0,0,0,1,0,0,0,0,0,0,0.03698777,0
64937.01,77350.4,1,0.8395174427023002,3512,0,0,1,0,0,0,0,0,0,1,0.742326,1
1642.98,93834.56,0,0.017509327053912758,2671,0,0,0,1,0,0,1,1,1,0,0.053951517,0
21940.9,229676.95,0,0.09552939465627701,1314,0,1,0,0,0,0,1,1,1,0,0.024961825,0
73035.42,230626.37,0,0.31668286675110047,3475,0,0,1,0,0,0,0,0,0,0,0.03297874,0
18691.68,180816.79,0,0.10337358604806555,2837,1,0,0,0,0,0,0,0,0,0,0.03616401,0
18071.01,297261.1,0,0.06079170803041501,3632,0,0,0,1,0,0,0,0,0,0,0.028774498,0
51567.8,29623.27,1,1.7407868881457045,3328,0,0,1,0,0,0,0,0,0,1,0.7393326,1
32419.53,344238.32,0,0.09417757441995417,3502,0,0,0,1,0,0,0,0,0,0,0.03909449,0
43748.9,229989.99,0,0.1902208874394925,1224,0,0,0,1,0,0,0,0,0,0,0.037509497,0
33524.39,168302.02,0,0.1991918457069024,2985,0,1,0,0,0,0,0,0,0,0,0.021326767,0
42809.89,86119.08,0,0.49710110697884835,3196,0,1,0,0,0,0,0,0,0,0,0.019308547,0
19641.25,156134.86,0,0.1257966990843685,3051,1,0,0,0,0,0,0,0,0,0,0.035029676,0
12288.02,167086.38,0,0.07354291833960375,3569,0,0,0,1,0,0,0,0,0,0,0.028912373,0
6998.13,194325.58,0,0.036012397338528464,1984,0,0,0,1,0,0,0,0,0,0,0.035381816,0
31945.31,257021.48,0,0.12429042895558769,1340,0,0,0,1,0,0,0,0,0,1,0.03640945,0
10669.73,242333.44,0,0.04402912780010881,1708,1,0,0,0,0,0,0,0,0,0,0.03524592,0
30879.7,53025.69,0,0.5823535723910429,1178,0,1,0,0,0,0,0,0,0,1,0.018452113,0
60023.77,105264.97,0,0.5702159987315818,1792,0,1,0,0,0,0,0,0,0,0,0.018624656,0
44960.95,100091.88,0,0.4491967780003732,1198,0,0,0,1,0,0,0,0,0,0,0.039839685,0
5489.7,252617.76,0,0.021731251199440606,991,0,0,0,1,0,0,0,0,0,0,0.034891654,0
28273.69,267107.15,0,0.10585149068454362,1117,0,0,0,1,0,0,0,0,0,0,0.034919996,0
38595.15,64043.64,0,0.6026382947627587,3433,0,1,0,0,0,0,0,0,0,0,0.019161442,0
21859.79,91698.32,0,0.23838811877905722,1132,0,1,0,0,0,0,0,0,0,0,0.024216155,0
25151.08,368364.35,0,0.0682777255725208,3276,0,0,0,1,0,0,0,0,0,0,0.040144343,0
36772.38,216478.39,0,0.16986628549852018,1924,0,1,0,0,0,0,0,0,0,0,0.022291781,0
10361.57,66157.2,0,0.15662044342868198,3527,0,0,0,1,0,0,0,0,0,0,0.031523224,0
16320.9,366772.93,0,0.04449864934143313,592,0,1,0,0,0,0,0,0,0,0,0.031371113,0
11106.67,74478.98,0,0.14912489403050366,2277,1,0,0,0,0,0,0,0,0,0,0.03624568,0
12694.11,269769.46,0,0.047055400563132684,735,1,0,0,0,0,0,0,0,0,0,0.03524592,0
18518.9,342224.4,0,0.05411332447364946,2059,1,0,0,0,0,0,0,0,0,0,0.043419775,0
19141.24,111773.68,0,0.1712499758440449,1853,0,0,0,1,0,0,0,0,0,0,0.03608525,0
13833.58,21930.43,0,0.6307938330438573,2466,0,0,0,1,0,0,0,0,0,0,0.02862407,0
29642.39,8982.93,1,3.299857618839287,2647,0,0,1,0,1,0,0,1,1,1,0.6317308,1
14338.72,41976.57,0,0.3415886529080389,2654,0,0,0,1,0,0,0,0,0,0,0.054106846,0
68223.4,92655.49,1,0.7363125487761166,684,0,0,1,0,0,0,0,0,0,0,0.6114338,1
1814.2,200545.23,0,0.009046338324775912,2773,0,0,0,1,0,0,1,1,1,0,0.08293357,0
3932.96,285880.26,0,0.013757368207234735,1818,1,0,0,0,0,0,0,0,0,0,0.05246819,0
11913.67,64148.63,0,0.18571978855978685,1984,0,1,0,0,0,0,0,0,0,0,0.024438296,0
28537.73,78004.73,0,0.3658461480476889,3516,1,0,0,0,0,0,0,0,0,0,0.030474054,0
5486.04,319439.98,0,0.01717393045166106,456,0,0,0,1,0,0,0,0,0,0,0.038690697,0
36157.9,372406.69,0,0.09709250926722074,3623,0,1,0,0,0,0,0,0,0,0,0.06697978,0
23429.72,155746.55,0,0.1504349213513879,1465,0,0,0,1,0,0,0,0,0,0,0.035702363,0
20328.14,133370.36,0,0.1524187233205339,3527,1,0,0,0,0,0,0,0,0,0,0.03202044,0
48380.91,106069.14,0,0.4561261644998725,2547,0,1,0,0,0,0,0,0,0,0,0.030222042,0
57777.07,21160.68,1,2.73039760536996,3598,0,0,1,0,1,0,0,1,1,1,0.6254389,1
11263.85,325442.35,0,0.03461089191372912,605,1,0,0,0,0,0,0,0,0,0,0.03776632,0
7479.87,95146.73,0,0.07861405221177858,1796,1,0,0,0,0,0,0,0,0,0,0.037897687,0
86678.85,132685.81,0,0.6532639021459793,3428,0,0,1,0,0,0,0,0,0,0,0.022576554,0
48421.57,267784.27,0,0.18082305581280034,648,0,0,0,1,0,0,0,0,0,0,0.04030945,0
23067.28,155370.64,0,0.14846614521250603,2067,0,1,0,0,0,0,0,0,0,0,0.024560165,0
10388.1,108651.11,0,0.09560969970762379,2969,0,0,0,1,0,0,0,0,0,0,0.03453315,0
8265.63,17381.47,0,0.4755426324700959,3075,1,0,0,0,0,0,0,0,0,0,0.041621115,0
6248.51,146085.55,0,0.04277295050742528,2936,0,0,0,1,0,0,0,0,0,0,0.037583176,0
46968.28,255055.08,0,0.18414955702901506,1871,0,1,0,0,0,0,0,0,0,0,0.025457246,0
9607.56,136647.69,0,0.07030898217159763,2227,0,1,0,0,0,0,0,0,0,0,0.021688337,0
21100.05,168447.27,0,0.12526204788002798,3596,0,0,0,1,0,0,0,0,0,0,0.033869654,0
9609.37,101656.94,0,0.09452743708398069,1842,0,1,0,0,0,0,0,0,0,0,0.023362305,0
12942.79,271872.63,0,0.04760607936150101,2126,0,1,0,0,0,0,0,0,0,0,0.023360243,0
53691.82,252207.64,0,0.21288736534706085,524,0,1,0,0,0,0,0,0,0,1,0.025451526,0
45013.69,12845.3,1,3.504292620647241,1713,0,0,0,1,1,0,0,1,1,1,0.6811873,1
37645.47,25511.7,0,1.4756158938839827,2700,0,1,0,0,0,0,0,0,0,0,0.03255154,0
18091.69,128981.1,0,0.1402662095454295,1885,1,0,0,0,0,0,0,0,0,0,0.03608525,0
68869.65,59724.35,1,1.153125149122594,3636,0,1,0,0,0,0,1,1,1,0,0.90350837,1
37574.53,112437.4,0,0.33418177581480896,2491,0,0,0,1,0,0,0,0,0,0,0.046226315,0
22754.37,10399.11,1,2.188107443810095,2829,0,0,1,0,1,0,0,1,1,1,0.824785,1
23642.14,44854.34,0,0.5270870109782019,380,1,0,0,0,0,0,0,0,0,0,0.054605678,0
41448.56,17188.41,0,2.4114249078303343,2863,0,1,0,0,1,0,0,1,1,0,0.034320004,0
22629.4,22701.67,1,0.9968165337616133,3632,0,1,0,0,0,0,0,0,0,1,0.88891727,1
68276.71,165430.55,0,0.4127212899914799,3446,0,0,1,0,0,0,0,0,0,0,0.03171601,0
57566.37,334612.25,0,0.1720390392162869,577,0,0,1,0,0,0,0,0,0,0,0.05025929,0
50081.56,77453.64,0,0.6466004696486827,2784,0,1,0,0,0,0,0,0,0,0,0.018536728,0
46644.93,26601.65,1,1.7534600297349976,2283,0,1,0,0,0,0,0,0,0,0,0.7447361,1
51945.16,69395.3,1,0.7485400308090029,1554,0,1,0,0,0,0,0,0,0,1,0.76737875,1
42831.09,21091.86,1,2.030692883415687,2436,0,0,0,1,0,0,0,0,0,1,0.73666483,1
28763.76,334850.15,0,0.08590039454962166,1120,0,0,1,0,0,0,0,0,0,0,0.0464914,0
45977.72,25677.96,1,1.7905518974248735,519,0,1,0,0,0,0,0,0,0,0,0.70662713,1
10412.47,11433.63,1,0.9106880317099644,2062,1,0,0,0,0,0,0,0,0,0,0.8134707,1
30048.23,32307.52,0,0.9300692222739474,1508,0,0,1,0,0,0,0,0,0,0,0.059655152,0
11249.18,26232.52,0,0.4288257475835337,1013,1,0,0,0,0,0,0,0,0,0,0.043587826,0
11501.1,269665.34,0,0.04264952996925745,1920,0,0,0,1,0,0,0,0,0,0,0.03445481,0
54767.02,260188.41,0,0.2104898523343142,2915,0,0,1,0,0,0,0,0,0,0,0.039273296,0
18598.57,96348.15,0,0.19303505049136907,818,0,0,1,0,0,0,0,0,0,0,0.038919955,0
39690.6,44495.9,1,0.8920057803078485,3348,0,1,0,0,0,0,0,0,0,1,0.8023747,1
6770.44,35360.86,0,0.19146706273546513,2029,0,0,0,1,0,0,0,0,0,0,0.05220569,0
20830.32,294093.91,0,0.0708288043094806,2424,1,0,0,0,0,0,0,0,0,0,0.03709188,0
49204.34,97092.03,0,0.506780422656731,1776,0,0,0,1,0,0,0,0,0,0,0.028237252,0
37743.34,82869.17,0,0.4554569570323921,1833,0,1,0,0,0,0,0,0,0,0,0.028176272,0
2314.69,138224.35,0,0.016745891733258286,2343,1,0,0,0,0,0,1,1,1,0,0.05084206,0
30730.97,361056.76,0,0.08511395825963762,411,0,0,1,0,0,0,0,0,0,0,0.050267436,0
15923.12,22778.46,0,0.6990428676916701,3395,1,0,0,0,0,0,0,0,0,0,0.029707618,0
45031.98,29272.04,1,1.5383956840725825,3492,0,0,0,1,0,0,0,0,0,1,0.703588,1
8278.71,407068.77,0,0.020337374444126477,1572,0,0,0,1,0,0,0,0,0,0,0.043695346,0
44097.04,27528.58,1,1.6018639537527906,1289,0,1,0,0,0,0,0,0,0,1,0.7419778,1
5446.46,214162.88,0,0.025431391284988322,1501,1,0,0,0,0,0,0,0,0,0,0.034891654,0
48084.44,210884.05,0,0.2280136406712599,2216,0,1,0,0,0,0,0,0,0,0,0.025818417,0
16614.04,84643.35,0,0.19628287396470012,2871,1,0,0,0,0,0,0,0,0,0,0.035029676,0
4779.28,237715.25,0,0.020105062674775808,2217,1,0,0,0,0,0,1,1,1,0,0.035381816,0
10299.11,321776.94,0,0.0320069859574151,2587,0,1,0,0,0,0,0,0,0,0,0.021923339,0
15393.59,349636.7,0,0.044027386141100175,2927,0,0,0,1,0,0,0,0,0,0,0.04291601,0
23865.63,113585.0,0,0.21011251485671525,1178,1,0,0,0,0,0,0,0,0,0,0.035702363,0
13325.1,12264.52,1,1.0864754592923327,1560,0,1,0,0,0,0,0,0,0,1,0.8656493,1
17332.57,91859.0,0,0.18868668285089105,2536,0,0,0,1,0,0,0,0,0,0,0.040258627,0
44033.86,206042.89,0,0.21371210625127612,2580,0,0,1,0,0,0,0,0,0,0,0.039273296,0
26616.5,14535.99,1,1.831075833156187,1865,0,0,0,1,0,0,0,0,0,1,0.84679943,1
17614.81,332876.27,0,0.052916989246484886,3228,1,0,0,0,0,0,0,0,0,0,0.035646256,0
11487.05,261072.83,0,0.04399940813450408,416,0,0,1,0,0,0,0,0,0,0,0.031913176,0
24420.59,439023.28,0,0.05562481789120613,1316,0,0,1,0,0,0,0,0,0,0,0.05052532,0
7378.02,366387.02,0,0.02013723084404027,2351,0,0,0,1,0,0,0,0,0,0,0.050071534,0
68327.7,43606.71,1,1.5669079368748524,3566,0,1,0,0,0,0,0,0,0,1,0.67941964,1
13529.62,97548.76,0,0.13869597112254428,1585,0,1,0,0,0,0,0,0,0,0,0.024478989,0
47470.84,308830.03,0,0.15371186539081058,2169,0,0,0,1,0,0,0,0,0,0,0.036151033,0
26716.84,65606.52,0,0.40722842790625075,2651,0,0,0,1,0,0,0,0,0,0,0.03712727,0
21814.32,95774.69,0,0.22776706455536425,1677,1,0,0,0,0,0,0,0,0,0,0.035702363,0
60840.05,175052.72,0,0.34755272583025276,598,0,1,0,0,0,0,0,0,0,0,0.029776849,0
39216.88,47833.57,1,0.8198610306527403,3332,0,1,0,0,0,0,0,0,0,1,0.8023747,1
36561.34,43363.74,1,0.8431316118028565,3336,0,0,1,0,0,0,0,0,0,1,0.73909855,1
16163.33,125364.33,0,0.12893085297867424,3585,1,0,0,0,0,0,0,0,0,0,0.03202044,0
48115.66,255505.98,0,0.1883152010767028,440,0,1,0,0,0,0,0,0,0,0,0.025451526,0
17560.24,352872.3,0,0.04976372472421327,3314,1,0,0,0,0,0,0,0,0,0,0.042928066,0
3812.04,167940.98,0,0.0226986885511803,3125,0,0,0,1,0,0,1,1,1,0,0.03118734,0
25174.15,147491.38,0,0.17068217817203962,2616,0,0,1,0,0,0,0,0,0,0,0.038877342,0
25680.31,206291.29,0,0.12448567266218559,1491,1,0,0,0,0,0,0,0,0,0,0.03713064,0
22774.87,15904.34,1,1.4319908905367968,1548,0,0,0,1,0,0,0,0,0,1,0.8254203,1
35815.93,446398.45,0,0.0802330966874997,1022,0,0,0,1,0,0,0,0,0,0,0.043850295,0
23454.69,265495.26,0,0.0883431591208069,1862,0,1,0,0,0,0,0,0,0,0,0.02595716,0
84987.17,161387.56,0,0.526602979808357,2874,0,0,1,0,0,0,0,0,0,0,0.028322412,0
46059.84,65298.71,1,0.7053713618538558,525,0,1,0,0,0,0,0,0,0,1,0.72504026,1
23227.88,198687.03,0,0.11690687610560187,3206,1,0,0,0,0,0,0,0,0,0,0.028744748,0
11958.16,142831.68,0,0.08372204261687603,2082,1,0,0,0,0,0,0,0,0,0,0.038817137,0
44562.77,184733.25,0,0.24122766204784465,835,0,0,0,1,0,0,0,0,0,0,0.037509497,0
6497.73,191890.42,0,0.033861669592468446,1887,0,0,0,1,0,0,0,0,0,0,0.034891654,0
38105.7,108442.28,0,0.3513915421180742,3102,0,0,1,0,0,0,0,0,0,0,0.036053233,0
6052.0,16848.73,0,0.35919621241482297,1362,0,1,0,0,0,0,0,0,0,0,0.038029343,0
29698.16,50966.76,0,0.5826966438517968,3057,0,0,1,0,0,0,0,0,0,0,0.026765598,0
88092.0,46434.22,1,1.8971353454413575,2693,0,0,1,0,0,0,0,0,0,1,0.7649307,1
22636.73,108805.21,0,0.20804821754399444,2587,1,0,0,0,0,0,0,0,0,0,0.034657583,0
33895.37,33533.67,1,1.0107861740155493,2897,0,0,0,1,0,0,0,0,0,1,0.6459506,1
18415.75,40469.05,0,0.4550576304608089,3223,1,0,0,0,0,0,0,0,0,0,0.045030612,0
26509.27,61308.49,0,0.43239150075299526,481,0,1,0,0,0,0,0,0,0,1,0.023863846,0
17920.02,99555.65,0,0.1800000301339,2672,1,0,0,0,0,0,0,0,0,0,0.035029676,0
50020.07,335915.17,0,0.1489068505003808,1837,0,0,1,0,0,0,0,0,0,0,0.050376497,0
42466.31,78633.46,0,0.5400539414137442,2327,0,1,0,0,0,0,0,0,0,1,0.020184122,0
68927.06,166055.55,0,0.41508434978535796,1535,0,1,0,0,0,0,0,0,0,0,0.026613364,0
75951.7,2106.37,1,36.05809995394921,3295,0,0,1,0,1,1,0,1,2,0,0.7313746,1
5184.49,190885.21,0,0.027160249869542016,1363,0,0,0,1,0,0,0,0,0,0,0.034891654,0
11593.12,154033.18,0,0.07526378407561281,501,1,0,0,0,0,0,0,0,0,0,0.03456375,0
6784.37,45466.42,0,0.14921715850951098,2539,1,0,0,0,0,0,0,0,0,0,0.04911965,0
25557.16,318741.1,0,0.08018156428524593,404,0,0,0,1,0,0,0,0,0,0,0.034730054,0
29089.72,81722.03,0,0.3559593416854672,2301,0,0,0,1,0,0,0,0,0,0,0.037615437,0
28935.21,22727.93,1,1.2731124215887677,3001,1,0,0,0,0,0,0,0,0,1,0.6442655,1
26204.49,328882.92,0,0.07967726022379029,2921,0,0,1,0,0,0,0,0,0,0,0.05128614,0
67303.71,16222.07,1,4.14889776705439,1226,0,1,0,0,1,1,0,1,2,0,0.7152538,1
93884.13,261426.1,0,0.35912301793891277,1222,0,0,1,0,0,1,0,1,1,0,0.041399743,0
57165.33,50474.02,0,1.1325693891629793,1945,0,1,0,0,0,0,0,0,0,0,0.044406597,0
10598.31,270470.05,0,0.03918478219677188,2346,1,0,0,0,0,0,0,0,0,0,0.03574088,0
6447.46,259020.44,0,0.024891703527335527,2254,1,0,0,0,0,0,0,0,0,0,0.035381816,0
51257.24,12037.99,1,4.2579566854599475,2772,0,0,1,0,1,0,0,1,1,1,0.6976139,1
23325.56,10410.18,1,2.240649056980763,2254,1,0,0,0,1,0,0,1,1,0,0.82434887,1
33541.55,245233.36,0,0.13677400986554197,2226,0,1,0,0,0,0,0,0,0,0,0.022291781,0
42558.4,84922.44,0,0.5011443382926821,1341,0,1,0,0,0,0,0,0,0,0,0.019900156,0
31477.34,56356.02,0,0.5585444110496093,1674,0,1,0,0,0,0,0,0,0,0,0.021415,0
22618.91,89360.45,0,0.2531199205017432,2940,1,0,0,0,0,0,0,0,0,0,0.036817383,0
64098.74,105884.16,0,0.6053666572979376,3550,0,0,1,0,0,0,0,0,0,0,0.024065588,0
8454.72,12363.63,0,0.6838379990342642,496,0,1,0,0,0,0,0,0,0,0,0.024157295,0
26250.98,10219.66,1,2.5686744960204155,1646,1,0,0,0,1,0,0,1,1,1,0.84950715,1
52123.12,14898.33,0,3.498588096786687,1903,0,0,1,0,1,0,0,1,1,0,0.047186304,0
43139.84,13533.14,1,3.1877184452388727,2674,0,1,0,0,1,0,0,1,1,0,0.7122033,1
36878.66,34120.32,0,1.0808415630334065,2529,0,0,0,1,0,0,0,0,0,0,0.06365402,0
7352.87,267092.41,0,0.027529310922762652,1215,0,0,0,1,0,0,0,0,0,0,0.034891654,0
15412.75,223000.34,0,0.06911536547433067,2534,1,0,0,0,0,0,0,0,0,0,0.036903057,0
48481.95,114616.95,0,0.42299110210139074,1349,0,1,0,0,0,0,0,0,0,0,0.027059766,0
31904.5,196018.23,0,0.16276292261184075,2408,0,0,1,0,0,0,1,1,1,0,0.045965947,0
93838.54,102193.91,1,0.9182400399397576,2482,0,0,1,0,0,0,0,0,0,1,0.46958032,1
22063.37,212468.52,0,0.10384300695463027,1665,1,0,0,0,0,0,0,0,0,0,0.035702363,0
45823.54,318098.91,0,0.14405437604297355,1553,0,1,0,0,0,0,0,0,0,0,0.024180632,0
16036.68,90376.69,0,0.17744265695059203,2845,0,1,0,0,0,0,0,0,0,0,0.023754554,0
68678.43,141295.18,0,0.4860635019538529,1242,0,1,0,0,0,0,0,0,0,0,0.026613364,0
14086.91,218586.56,0,0.0644454535539605,1377,0,0,1,0,0,0,0,0,0,0,0.03567182,0
90282.3,44795.72,1,2.0154224555381632,1009,0,0,1,0,0,1,0,1,1,0,0.76512426,1
25611.27,110148.58,0,0.23251566202669158,2885,1,0,0,0,0,0,0,0,0,0,0.036045626,0
16247.0,109068.0,0,0.14896211537756263,1916,1,0,0,0,0,0,0,0,0,0,0.03608525,0
35264.46,4163.34,1,8.470233034054388,1718,0,0,0,1,1,1,0,1,2,1,0.6893778,1
42284.38,319330.58,0,0.13241569285346863,3247,0,1,0,0,0,0,0,0,0,0,0.024436716,0
60745.14,188999.44,0,0.32140380945044067,909,0,1,0,0,0,0,0,0,0,0,0.026384594,0
16190.9,138870.62,0,0.11658981575800555,2800,0,1,0,0,0,0,0,0,0,0,0.023754554,0
19048.28,420439.57,0,0.04530563096142449,2317,1,0,0,0,0,0,0,0,0,0,0.051047187,0
20591.81,146010.9,0,0.1410292656233199,3406,0,1,0,0,0,0,0,0,0,0,0.024189455,0
67206.53,94811.59,1,0.7088429800618258,2435,0,0,1,0,0,0,0,0,0,1,0.5047246,1
81323.9,82597.33,0,0.9845826735561548,1342,0,0,1,0,0,0,0,0,0,0,0.063342944,0
29855.2,95789.29,0,0.31167576249912704,3524,0,0,1,0,0,0,0,0,0,0,0.036193624,0
6614.24,120234.71,0,0.05501106959878723,2561,0,1,0,0,0,0,0,0,0,0,0.03366033,0
14650.67,67756.01,0,0.2162268705019673,1032,0,0,0,1,0,0,0,0,0,0,0.037203226,0
69576.43,451187.49,0,0.1542073562367609,901,0,1,0,0,0,1,1,1,2,0,0.030958975,0
36750.52,88289.06,0,0.41625225141144323,1302,0,1,0,0,0,0,0,0,0,0,0.023367636,0
7885.66,62721.88,0,0.12572422892936244,2470,0,0,0,1,0,0,0,0,0,0,0.042288147,0
19487.0,158402.93,0,0.1230217143079361,1798,0,0,0,1,0,0,0,0,0,1,0.03608525,0
18106.65,23820.06,0,0.7601429215543538,1192,0,0,1,0,0,0,0,0,0,0,0.048560336,0
51083.38,245989.05,0,0.20766525989673118,538,0,1,0,0,0,0,0,0,0,1,0.025451526,0
23048.02,249156.11,0,0.09250433392943887,2248,0,0,0,1,0,0,0,0,0,0,0.03877207,0
15668.01,363364.51,0,0.043119263353484906,3374,0,0,1,0,0,0,0,0,0,0,0.04793795,0
19641.78,309797.73,0,0.06340194939452913,1360,0,0,0,1,0,0,0,0,0,0,0.031419702,0
41288.77,71261.8,0,0.5793955527365292,1861,0,1,0,0,0,0,0,0,0,0,0.020527367,0
86010.07,174390.58,0,0.49320364666486005,2846,0,0,1,0,0,0,0,0,0,0,0.028322412,0
10357.84,215999.11,0,0.04795316054774485,1986,1,0,0,0,0,0,0,0,0,0,0.03574088,0
17102.49,169896.79,0,0.10066399724209034,3583,1,0,0,0,0,0,0,0,0,0,0.033060666,0
58412.32,88017.29,0,0.6636459722856726,3542,0,0,1,0,0,0,0,0,0,0,0.026667709,0
71432.35,94576.38,0,0.755287419543865,1033,0,0,1,0,0,0,0,0,0,0,0.050420504,0
18541.64,363844.2,0,0.050960383592757556,1372,0,1,0,0,0,0,0,0,0,0,0.02780244,0
14817.82,38784.38,0,0.38205638455481306,1532,1,0,0,0,0,0,0,0,0,0,0.055704106,0
27199.58,26619.78,1,1.021780796084716,561,0,0,1,0,0,0,0,0,0,1,0.7830819,1
91367.35,323681.58,0,0.28227540782518423,2355,0,0,1,0,0,1,1,1,2,0,0.04215055,0
15834.81,105516.4,0,0.15006965741818334,3423,1,0,0,0,0,0,0,0,0,0,0.02796226,0
9692.86,276069.58,0,0.035110206637036935,2086,1,0,0,0,0,0,0,0,0,0,0.03574088,0
6130.55,50683.54,0,0.12095741536601429,828,0,0,0,1,0,0,0,0,0,0,0.03604531,0
39500.75,118152.29,0,0.33432064668403805,2846,0,0,1,0,0,0,0,0,0,0,0.043402262,0
18522.38,70139.09,0,0.2640807002200913,531,0,0,0,1,0,0,0,0,0,0,0.035682276,0
9718.04,69179.2,0,0.14047632814487593,1465,1,0,0,0,0,0,0,0,0,0,0.0368518,0
31754.24,148059.22,0,0.21446985874976243,1606,0,0,1,0,0,0,0,0,0,0,0.04001475,0
7786.83,127162.07,0,0.061235476899676136,2148,0,0,0,1,0,0,0,0,0,0,0.03287848,0
99060.7,456972.43,0,0.21677609741139087,1258,0,0,1,0,0,1,1,1,2,0,0.05586967,0
45109.97,101845.95,0,0.4429235526793162,3483,0,1,0,0,0,0,0,0,0,0,0.02541426,0
65506.75,248935.66,0,0.2631473128438087,886,0,1,0,0,0,0,1,1,1,0,0.028575307,0
33080.3,156449.57,0,0.2114438537606719,1518,0,1,0,0,0,0,0,0,0,0,0.021978829,0
21820.98,247477.77,0,0.08817349534061181,2766,1,0,0,0,0,0,0,0,0,0,0.03832007,0
33517.92,380748.34,0,0.08803169043363392,1007,0,1,0,0,0,0,0,0,0,0,0.027146952,0
6493.84,77823.54,0,0.08344313301605145,2877,0,0,0,1,0,0,0,0,0,0,0.04081129,0
5300.31,14371.07,0,0.3688180490387981,1197,0,0,0,1,0,0,0,0,0,0,0.040911116,0
51915.07,54470.4,1,0.9530877320526377,2799,0,1,0,0,0,0,0,0,0,0,0.79182035,1
40542.13,373864.5,0,0.1084407051217754,2452,0,1,0,0,0,0,0,0,0,0,0.037564564,0
57317.31,95549.79,0,0.5998685083452303,585,0,0,1,0,0,0,0,0,0,0,0.04643966,0
88112.0,194516.66,0,0.45297919468697434,1139,0,0,1,0,0,0,1,1,1,0,0.043724235,0
34161.56,175680.85,0,0.19445238339864587,1493,0,0,0,1,0,0,0,0,0,0,0.03182952,0
19027.64,44231.25,0,0.4301854458103716,822,0,0,0,1,0,0,0,0,0,0,0.055704106,0
14644.23,170741.83,0,0.08576826194260657,1953,0,0,1,0,0,0,0,0,0,0,0.04225419,0
28333.3,73022.86,0,0.38800589294913945,514,0,0,1,0,0,0,0,0,0,0,0.036816318,0
8300.94,114496.02,0,0.07249981265724346,1924,0,1,0,0,0,0,0,0,0,0,0.021688337,0
46405.46,155561.99,0,0.2983084749687247,1555,0,0,0,1,0,0,0,0,0,0,0.039839685,0
49955.92,161124.61,0,0.3100452500707372,1062,0,1,0,0,0,0,0,0,0,0,0.027059766,0
40314.86,263756.28,0,0.15284891036528114,1973,0,0,0,1,0,0,0,0,0,0,0.039585914,0
23889.03,8818.49,1,2.7089705833991986,2108,0,0,0,1,1,0,0,1,1,1,0.82217216,1
15619.79,390510.53,0,0.03999838365434089,2201,0,1,0,0,0,0,0,0,0,0,0.031097269,0
49708.74,212252.95,0,0.23419575558313793,1274,0,0,0,1,0,0,0,0,0,0,0.037509497,0
13401.14,80460.98,0,0.16655452121015676,3491,0,0,0,1,0,0,0,0,0,0,0.029080024,0
26560.27,91642.33,0,0.2898253459945857,3210,0,0,0,1,0,0,0,0,0,0,0.029874818,0
15824.14,194291.25,0,0.08144545881505214,384,1,0,0,0,0,0,0,0,0,0,0.033657793,0
48923.5,61247.44,1,0.7987844063360036,692,0,0,1,0,0,0,0,0,0,0,0.7470589,1
49833.44,205862.03,0,0.24207203241899442,2653,0,0,0,1,0,0,0,0,0,0,0.036413833,0
52170.52,31273.21,0,1.6682176214082276,1668,0,0,1,0,0,0,0,0,0,0,0.07127115,0
35596.01,27071.76,1,1.314876092282142,2842,0,0,0,1,0,0,0,0,0,1,0.67029405,1
28392.53,252225.67,0,0.11256796344321336,2005,1,0,0,0,0,0,0,0,0,1,0.036086157,0
70179.68,86869.82,0,0.8078718247603136,1391,0,0,1,0,0,0,0,0,0,0,0.050420504,0
9787.11,383026.22,0,0.025552062728238296,2823,1,0,0,0,0,0,0,0,0,0,0.04998945,0
39220.2,139166.96,0,0.28182120238884284,2027,0,0,1,0,0,0,0,0,0,0,0.04531991,0
13853.28,120173.83,0,0.11527701164221861,2878,0,0,0,1,0,0,0,0,0,0,0.035029676,0
40470.2,4622.99,1,8.754118005879311,1198,0,0,1,0,1,1,0,1,2,1,0.70732933,1
20001.37,40870.85,0,0.48937983917633227,2661,0,0,0,1,0,0,0,0,0,0,0.03164991,0
18150.95,120303.63,0,0.1508761622571156,3224,1,0,0,0,0,0,0,0,0,0,0.02905527,0
61049.01,31095.12,1,1.9632987426966033,2172,0,1,0,0,0,0,0,0,0,1,0.7397694,1
22744.15,139161.09,0,0.1634375672107771,2959,1,0,0,0,0,0,0,0,0,0,0.034657583,0
41446.41,237771.06,0,0.17431225650421883,2791,0,0,0,1,0,0,0,0,0,0,0.03790126,0
36938.63,160353.74,0,0.23035714664341475,2703,0,0,0,1,0,0,0,0,0,0,0.030894445,0
51699.33,35812.2,1,1.4436234020808554,1127,0,0,1,0,0,0,0,0,0,1,0.7092132,1
4710.74,54064.53,0,0.08713180342083802,1601,1,0,0,0,0,0,0,0,0,0,0.038603116,0
2159.06,467848.9,0,0.004614866039013878,3167,0,0,0,1,0,1,1,1,2,0,0.11299194,0
9876.25,63345.25,0,0.15591145350282776,487,1,0,0,0,0,0,0,0,0,0,0.033268295,0
88069.2,70056.1,1,1.2571239335332682,706,0,0,1,0,0,0,0,0,0,1,0.74507165,1
64684.82,239271.59,0,0.2703405782525205,1775,0,1,0,0,0,0,0,0,0,0,0.026613364,0
23292.78,216637.51,0,0.1075196072923844,1635,1,0,0,0,0,0,0,0,0,0,0.035702363,0
59731.01,193105.16,0,0.30931855989762264,1267,0,1,0,0,0,0,0,0,0,0,0.026384594,0
17054.96,41685.87,0,0.40913047994440316,1605,0,0,1,0,0,0,0,0,0,0,0.059984077,0
29468.8,79089.2,0,0.37260207461954353,3474,0,0,1,0,0,0,0,0,0,0,0.032882992,0
64840.05,27675.37,1,2.3428792460588603,1743,0,1,0,0,0,0,0,0,0,0,0.74456954,1
26499.17,140650.06,0,0.188404967619637,2271,1,0,0,0,0,0,0,0,0,0,0.036086157,0
15742.43,73116.54,0,0.21530600326547183,624,0,0,1,0,0,0,0,0,0,0,0.041820623,0
61023.7,44490.99,1,1.3715968109498125,1474,0,0,1,0,0,0,0,0,0,1,0.7711199,1
40616.51,112248.01,0,0.36184614765108086,1084,0,1,0,0,0,0,0,0,0,0,0.028176272,0
7346.23,161264.99,0,0.04555378076791497,3151,1,0,0,0,0,0,0,0,0,0,0.030150313,0
7810.84,281817.12,0,0.027715988297659134,2206,1,0,0,0,0,0,0,0,0,0,0.033624683,0
84654.34,464856.64,0,0.18210848832878884,2128,0,0,1,0,0,1,1,1,2,0,0.0610129,0
11470.06,58167.31,0,0.19719082763153392,2469,1,0,0,0,0,0,0,0,0,0,0.04111005,0
27961.15,191204.68,0,0.14623674483281476,903,1,0,0,0,0,0,0,0,0,0,0.035586596,0
14825.93,47748.33,0,0.31050154005386155,1678,1,0,0,0,0,0,0,0,0,0,0.03904365,0
19954.16,20262.4,1,0.9847875868603916,3310,0,0,1,0,0,0,0,0,0,0,0.84639305,1
42503.16,221950.93,0,0.19149800363530806,1990,0,1,0,0,0,0,0,0,0,0,0.026885118,0
90582.54,145348.56,0,0.6232090637843264,1644,0,0,1,0,0,0,0,0,0,0,0.031908456,0
36798.98,108265.19,0,0.33989669255649024,62,0,0,0,1,0,0,0,0,0,0,0.038813647,0
27912.64,58595.04,0,0.47636523500965267,2497,1,0,0,0,0,0,0,0,0,0,0.043463107,0
22936.71,112471.68,0,0.20393320345174892,2454,0,0,1,0,0,0,0,0,0,0,0.042949297,0
97064.74,62887.32,1,1.5434707664438556,2909,0,0,1,0,0,1,0,1,1,0,0.76278156,1
7635.38,82885.73,0,0.09211935516523774,604,1,0,0,0,0,0,0,0,0,0,0.04270524,0
18333.17,326069.97,0,0.056224650187810914,2219,0,0,0,1,0,0,0,0,0,0,0.031862702,0
34350.57,10985.21,1,3.1269834623097785,2883,0,0,0,1,1,0,0,1,1,0,0.6536294,1
14317.89,4149.9,0,3.450177112701511,646,0,0,0,1,1,1,0,1,2,1,0.06806018,0
11019.62,98618.41,0,0.11173998850721686,3271,0,0,0,1,0,0,0,0,0,0,0.027735762,0
22365.9,217775.4,0,0.10270168255918713,1516,1,0,0,0,0,0,0,0,0,0,0.035702363,0
73817.8,468262.75,0,0.1576418367679257,3409,0,0,1,0,0,1,1,1,2,0,0.04861131,0
39657.17,288267.81,0,0.13757058063472297,404,0,0,0,1,0,0,0,0,0,0,0.034095816,0
15276.58,278524.13,0,0.05484831781002242,1633,0,0,1,0,0,0,0,0,0,0,0.03837939,0
93729.83,113840.92,1,0.8233404122173292,1633,0,0,1,0,0,0,0,0,0,1,0.5005694,1
65524.52,108696.25,0,0.6028222684775233,2010,0,0,1,0,0,0,0,0,0,0,0.028472941,0
9743.81,14481.81,0,0.6728309513796963,1617,1,0,0,0,0,0,0,0,0,0,0.034317825,0
27268.7,52263.28,0,0.5217563842146915,1944,1,0,0,0,0,0,0,0,0,0,0.027667062,0
32633.11,276180.35,0,0.11815869593908475,802,0,0,0,1,0,0,0,0,0,0,0.03640945,0
8443.62,56718.54,0,0.14886878258855044,549,0,1,0,0,0,0,0,0,0,0,0.021460887,0
96684.19,293085.72,0,0.32988365997497254,3405,0,0,1,0,0,1,0,1,1,0,0.028599985,0
55529.25,224775.75,0,0.2470428860764562,3355,0,1,0,0,0,0,0,0,0,0,0.02528015,0
29621.48,113612.15,0,0.2607245791933345,3268,0,0,1,0,0,0,0,0,0,0,0.032855112,0
47262.51,154746.84,0,0.30541825603676304,1848,0,0,1,0,0,0,0,0,0,0,0.042956177,0
21172.23,72431.08,0,0.2923086332552269,2277,1,0,0,0,0,0,0,0,0,0,0.038455788,0
45615.28,45513.86,1,1.0022283322047394,3541,0,0,0,1,0,0,0,0,0,1,0.68733066,1
29460.8,88397.86,0,0.33327503629612754,1460,1,0,0,0,0,0,0,0,0,1,0.037802022,0
28447.77,107191.97,0,0.2653908683644866,435,1,0,0,0,0,0,0,0,0,0,0.034129392,0
28752.68,132699.58,0,0.21667498872264707,417,0,1,0,0,0,0,0,0,0,0,0.020980524,0
51067.6,37028.34,1,1.379149051780339,2698,0,1,0,0,0,0,0,0,0,1,0.7322155,1
12904.79,9048.8,1,1.426132746883565,1423,0,1,0,0,0,0,0,0,0,0,0.8479946,1
40501.74,306929.92,0,0.13195761429840402,3076,0,0,1,0,0,0,0,0,0,0,0.03885374,0
15429.19,211007.15,0,0.07312164540395906,2966,1,0,0,0,0,0,0,0,0,1,0.033137944,0
39661.53,61309.08,0,0.6469111916212085,2997,0,0,0,1,0,0,0,0,0,0,0.029426241,0
17505.16,375135.23,0,0.04666359915063163,1972,1,0,0,0,0,0,0,0,0,0,0.051047187,0
11336.68,89847.94,0,0.1261762929678744,3420,0,0,0,1,0,0,0,0,0,0,0.026691025,0
36257.07,26415.19,1,1.3725841078561238,2394,0,0,1,0,0,0,0,0,0,1,0.669319,1
30286.42,140547.74,0,0.2154884881108725,438,0,0,0,1,0,0,0,0,0,0,0.031518195,0
48636.54,247936.09,0,0.19616563284514169,1479,0,0,1,0,0,0,0,0,0,0,0.04045139,0
11403.48,72726.96,0,0.15679852423365417,3217,0,1,0,0,0,0,0,0,0,0,0.022670152,0
40171.69,103616.63,0,0.3876953921392734,1661,0,1,0,0,0,0,0,0,0,0,0.028176272,0
42378.71,358402.46,0,0.11824335692338718,728,0,0,1,0,0,0,0,0,0,0,0.055932507,0
6766.01,181847.63,0,0.03720702876358631,2094,1,0,0,0,0,0,0,0,0,0,0.035381816,0
22793.76,45438.8,0,0.5016364868790548,1563,1,0,0,0,0,0,0,0,0,1,0.032259867,0
2994.09,89371.91,0,0.03350146595278091,1876,1,0,0,0,0,0,0,0,0,0,0.034891654,0
23061.68,62028.13,0,0.3717938941573767,3338,1,0,0,0,0,0,0,0,0,0,0.03222838,0
20280.45,276729.65,0,0.07328614768963138,1119,1,0,0,0,0,0,0,0,0,0,0.03306555,0
66562.12,213176.97,0,0.312238793899735,3055,0,1,0,0,0,0,0,0,0,0,0.025827438,0
22795.35,95634.23,0,0.23835973793065515,744,0,0,0,1,0,0,0,0,0,0,0.035702363,0
29996.4,124392.32,0,0.24114350467938855,2577,1,0,0,0,0,0,0,0,0,0,0.034545083,0
35386.09,285205.96,0,0.12407205655870583,950,0,0,1,0,0,0,0,0,0,0,0.033259068,0
47917.09,3162.8,1,15.15021183761224,2279,0,0,0,1,1,1,1,1,3,1,0.84470534,1
66199.86,87325.87,1,0.7580784480017205,1485,0,1,0,0,0,0,0,0,0,1,0.6408446,1
22899.42,55361.58,0,0.41363378718598703,807,0,1,0,0,0,0,0,0,0,0,0.026227957,0
11340.79,237611.27,0,0.047728333761273195,3148,1,0,0,0,0,0,0,0,0,1,0.029300017,0
25253.36,23415.63,1,1.0784830474345555,2424,1,0,0,0,0,0,0,0,0,1,0.8784762,1
36493.77,121417.7,0,0.3005638387154426,2786,0,0,0,1,0,0,0,0,0,0,0.032827705,0
42704.5,286338.93,0,0.14913969260135185,2812,0,0,1,0,0,0,0,0,0,0,0.03885374,0
52965.06,94421.67,1,0.5609417838087379,8,0,1,0,0,0,0,0,0,0,1,0.59358764,1
36638.49,346678.49,0,0.10568434747711056,1393,0,0,1,0,0,0,0,0,0,0,0.039621446,0
42608.99,240630.13,0,0.17707254698320612,3431,0,0,0,1,0,0,0,0,0,0,0.030272659,0
3414.66,61814.63,0,0.05524032094020461,2953,0,0,0,1,0,0,0,0,0,0,0.038745694,0
46394.28,85637.62,0,0.5417511602961409,2540,0,0,0,1,0,0,0,0,0,0,0.031532675,0
34777.7,204232.81,0,0.17028458845569425,827,0,0,0,1,0,0,1,1,1,0,0.032801744,0
19961.09,69051.08,0,0.28907715853249505,562,0,0,0,1,0,0,0,0,0,0,0.044518426,0
24633.14,5790.82,1,4.253825883035563,2298,1,0,0,0,1,1,0,1,2,1,0.7315579,1
9969.0,206458.21,0,0.048285800792324994,3304,1,0,0,0,0,0,0,0,0,0,0.029979344,0
9454.05,31745.95,0,0.29780334184360524,3387,0,0,0,1,0,0,0,0,0,0,0.044549335,0
29132.05,30750.84,0,0.9473578607933962,1975,1,0,0,0,0,0,0,0,0,0,0.060572382,0
77595.82,136531.58,0,0.5683360582218415,3242,0,0,1,0,0,0,0,0,0,0,0.02256957,0
61571.29,113544.98,0,0.5422634272338592,444,0,1,0,0,0,0,0,0,0,0,0.02794756,0
65430.34,160136.08,0,0.4085921174041478,1722,0,1,0,0,0,0,0,0,0,0,0.026613364,0
10883.79,413046.7,0,0.026350022890874084,3471,0,1,0,0,0,0,0,0,0,0,0.02936352,0
9369.86,462131.41,0,0.020275315196601765,1928,0,1,0,0,0,0,0,0,0,0,0.029687863,0
48603.11,204972.67,0,0.23711995360161917,865,0,0,0,1,0,0,0,0,0,0,0.037509497,0
20124.82,410068.54,0,0.04907672263763516,1765,0,0,1,0,0,0,0,0,0,0,0.05617669,0
68220.8,76378.9,0,0.893189087562141,1191,0,1,0,0,0,0,0,0,0,0,0.042902254,0
10945.5,16601.21,0,0.6593194110549774,3293,0,0,0,1,0,0,0,0,0,0,0.019037716,0
38280.06,366293.33,0,0.10450657127717831,1982,0,1,0,0,0,0,0,0,0,0,0.034134153,0
10930.92,116489.26,0,0.09383629014382958,2110,0,0,0,1,0,0,0,0,0,0,0.03742467,0
27990.0,36161.8,1,0.7740212046966688,980,0,0,0,1,0,0,0,0,0,1,0.5884803,1
3263.05,101246.53,0,0.032228758852278695,2075,1,0,0,0,0,0,0,0,0,0,0.035381816,0
14254.27,8520.76,0,1.6728871603002549,1599,1,0,0,0,0,0,0,0,0,0,0.045993958,0
12008.54,204895.11,0,0.05860823130430005,3650,0,1,0,0,0,0,0,0,0,0,0.05174485,0
27997.12,138857.18,0,0.20162529586154637,2512,1,0,0,0,0,0,0,0,0,0,0.039704673,0
40138.87,229960.45,0,0.17454684055453884,2943,0,0,1,0,0,0,0,0,0,1,0.040872566,0
33449.05,24166.61,1,1.3841018661698932,1433,0,0,1,0,0,0,0,0,0,1,0.65541065,1
73773.4,83764.86,1,0.880720149236804,2495,0,0,1,0,0,0,0,0,0,1,0.7531188,1
24668.22,322212.42,0,0.07655887380132648,2569,1,0,0,0,0,0,0,0,0,0,0.036422525,0
22874.42,143365.41,0,0.15955327020653026,1460,0,1,0,0,0,0,0,0,0,0,0.024216155,0
46590.54,260278.08,0,0.1790029340926443,2207,0,0,1,0,0,0,0,0,0,0,0.041016337,0
29196.61,62408.55,0,0.46783028927927345,2750,0,0,0,1,0,0,0,0,0,0,0.03712727,0
3849.28,89170.66,0,0.04316756206581851,815,1,0,0,0,0,0,0,0,0,0,0.034891654,0
44038.79,132059.73,0,0.3334762989444246,2974,0,1,0,0,0,0,0,0,0,0,0.026261013,0
64531.8,280545.75,0,0.23002237602957806,697,0,0,1,0,0,0,0,0,0,0,0.040648025,0
56209.16,60622.84,1,0.9271944369481866,2512,0,1,0,0,0,0,0,0,0,0,0.76338935,1
32998.23,61517.58,0,0.536403252533666,2777,0,1,0,0,0,0,0,0,0,0,0.016494377,0
10127.09,186815.2,0,0.05420913287569748,2190,0,0,0,1,0,0,0,0,0,0,0.03445481,0
4161.12,102063.11,0,0.04077006863694434,1096,0,0,0,1,0,0,0,0,0,0,0.034891654,0
54960.61,83246.69,0,0.6602137574478937,949,0,0,1,0,0,0,0,0,0,0,0.042136777,0
14849.82,130079.16,0,0.11415987003606111,3564,0,0,1,0,0,0,0,0,0,0,0.034547277,0
7001.69,256830.49,0,0.027261911153928804,1849,1,0,0,0,0,0,0,0,0,0,0.034891654,0
63560.54,278663.86,0,0.22809035947467318,2369,0,0,1,0,0,0,0,0,0,0,0.040349234,0
14766.98,61759.42,0,0.2391049009203778,2959,0,0,1,0,0,0,0,0,0,0,0.038953207,0
3458.27,4294.41,1,0.805295721647444,1440,0,0,0,1,0,0,1,1,1,0,0.8113317,1
95410.43,90182.88,0,1.0579661017700919,2850,0,0,1,0,0,0,0,0,0,0,0.05147711,0
59861.53,202394.28,0,0.29576690606078393,649,0,0,1,0,0,0,0,0,0,0,0.045013923,0
33973.66,97330.69,0,0.34905393149889313,2801,0,1,0,0,0,0,0,0,0,0,0.022675328,0
7139.39,359692.97,0,0.019848566959760155,1560,0,1,0,0,0,0,1,1,1,0,0.035949554,0
62186.69,68487.9,1,0.9079952809182353,2098,0,1,0,0,0,0,0,0,0,1,0.7856844,1
9111.51,167547.38,0,0.05438169191305767,2750,0,1,0,0,0,0,0,0,0,0,0.023083597,0
28285.61,16965.25,1,1.667267502689321,3373,1,0,0,0,0,0,0,0,0,0,0.6456804,1
23782.41,121284.07,0,0.19608848878504817,374,1,0,0,0,0,0,0,0,0,0,0.040963065,0
17024.98,70308.98,0,0.24214517121426027,2030,0,1,0,0,0,0,0,0,0,0,0.02560506,0
51013.57,346201.21,0,0.14735237349401523,3254,0,0,1,0,0,0,0,0,0,0,0.040679853,0
38935.45,333192.92,0,0.11685557424209374,1446,0,1,0,0,0,0,0,0,0,0,0.025882654,0
28671.7,443047.82,0,0.06471468474892846,1298,0,0,0,1,0,0,0,0,0,0,0.041170005,0
45245.86,183573.93,0,0.2464721434029331,3087,0,0,0,1,0,0,0,0,0,0,0.030210743,0
18553.17,36477.48,0,0.5086198388704481,435,1,0,0,0,0,0,0,0,0,0,0.043549225,0
37369.36,87639.25,0,0.42639981515131636,376,0,1,0,0,0,0,0,0,0,0,0.026861466,0
30319.29,235046.66,0,0.1289926434181196,468,0,1,0,0,0,0,0,0,0,0,0.02176169,0
99168.59,118426.7,1,0.8373837149899473,2749,0,0,1,0,0,1,0,1,1,1,0.49344805,1
20566.37,36725.75,0,0.5599986385574154,2772,0,0,1,0,0,0,0,0,0,0,0.033842437,0
14327.82,267949.86,0,0.053472018981461686,1174,1,0,0,0,0,0,0,0,0,0,0.035582602,0
27823.96,297724.19,0,0.09345548979409432,1290,0,1,0,0,0,0,0,0,0,0,0.024575248,0
25708.31,91276.3,0,0.2816537261041475,1688,1,0,0,0,0,0,0,0,0,0,0.039438255,0
28135.52,314201.68,0,0.08954605207712447,3348,1,0,0,0,0,0,0,0,0,1,0.030817186,0
39190.26,190338.37,0,0.20589784392920882,809,0,0,0,1,0,0,0,0,0,0,0.039039865,0
15152.56,294403.42,0,0.051468695574256575,932,0,0,0,1,0,0,0,0,0,0,0.03381585,0
10229.66,146814.21,0,0.06967758774848838,2790,1,0,0,0,0,0,0,0,0,0,0.03282361,0
30744.67,155495.74,0,0.1977203362613021,3531,0,1,0,0,0,0,0,0,0,0,0.02582775,0
25788.32,179977.51,0,0.1432863472775015,2428,0,1,0,0,0,0,0,0,0,0,0.028147807,0
58954.75,135036.53,0,0.43658371553238223,2360,0,1,0,0,0,0,0,0,0,0,0.026758563,0
49348.66,178323.37,0,0.2767369190028206,2649,0,1,0,0,0,0,0,0,0,0,0.026261013,0
95418.74,52911.87,0,1.8033522534735589,625,0,0,1,0,0,1,0,1,1,0,0.08725352,0
12216.29,123513.17,0,0.09890678054817961,2537,1,0,0,0,0,0,0,0,0,0,0.039879534,0
73123.29,41045.91,0,1.7815000325245558,2852,0,0,1,0,0,0,0,0,0,0,0.06962155,0
53267.06,39119.25,1,1.3616585185043169,1610,0,1,0,0,0,0,0,0,0,1,0.69994265,1
15248.62,142046.67,0,0.10734936623294301,2198,1,0,0,0,0,0,0,0,0,0,0.03659155,0
20690.81,103396.16,0,0.20011197707922615,1217,1,0,0,0,0,0,0,0,0,0,0.038159963,0
41212.67,29054.18,0,1.418476446418381,2632,0,0,1,0,0,0,0,0,0,0,0.07180409,0
38997.69,118378.46,0,0.32943231395306205,1572,0,1,0,0,0,0,0,0,0,0,0.028176272,0
12907.17,122002.85,0,0.10579400399252968,762,0,0,1,0,0,0,0,0,0,0,0.0371696,0
5112.74,97603.53,0,0.05238273656700736,862,1,0,0,0,0,0,0,0,0,0,0.034891654,0
6049.59,9826.7,0,0.6156278302990831,2159,1,0,0,0,0,0,0,0,0,0,0.02504901,0
8512.57,414573.26,0,0.020533331069157716,2894,0,1,0,0,0,0,0,0,0,0,0.029338527,0
29535.62,392427.99,0,0.07526379553099666,3461,1,0,0,0,0,0,0,0,0,0,0.043267876,0
5486.43,52008.71,0,0.10549059955534372,2742,1,0,0,0,0,0,0,0,0,0,0.03882225,0
14687.74,72010.41,0,0.20396689867478882,510,0,1,0,0,0,0,0,0,0,0,0.022071058,0
43126.27,421132.35,0,0.10240550268816917,3159,0,0,1,0,0,0,0,0,0,0,0.05136702,0
29863.32,380256.02,0,0.07853477244094649,1393,0,0,1,0,0,0,0,0,0,0,0.054627575,0
21892.18,321994.04,0,0.06798939508321335,655,0,1,0,0,0,0,0,0,0,0,0.022652023,0
32236.0,269772.53,0,0.11949326345421454,2477,0,0,1,0,0,0,0,0,0,0,0.044621546,0
7751.49,47336.44,0,0.16375312549908694,2000,0,0,0,1,0,0,0,0,0,0,0.036551066,0
18573.21,155684.4,0,0.11930039233217972,1688,0,0,0,1,0,0,0,0,0,0,0.03608525,0
6658.38,234076.87,0,0.02844527099153368,1474,0,1,0,0,0,0,0,0,0,0,0.031240623,0
12065.36,169201.28,0,0.07130773478782194,368,0,0,1,0,0,0,0,0,0,0,0.039091215,0
30643.97,218899.28,0,0.13999118681431935,2089,0,1,0,0,0,0,0,0,0,0,0.024479609,0
60167.9,76233.39,1,0.7892591422210137,1750,0,1,0,0,0,0,0,0,0,1,0.7569327,1
19381.89,329868.5,0,0.05875641354054722,3248,0,0,1,0,0,0,0,0,0,0,0.037034933,0
53885.16,5330.04,1,10.109710246076954,1931,0,1,0,0,1,1,0,1,2,1,0.7139534,1
29213.36,120635.56,0,0.24216209548826234,2971,1,0,0,0,0,0,0,0,0,0,0.034545083,0
12270.68,285157.04,0,0.04303130653902145,933,1,0,0,0,0,0,0,0,0,0,0.033495307,0
94093.71,120419.35,1,0.7813836397555709,2771,0,0,1,0,0,0,0,0,0,1,0.61158,1
17173.43,433568.88,0,0.039609461822997995,1380,0,0,1,0,0,0,0,0,0,0,0.05105876,0
33171.88,208358.55,0,0.15920575373556783,2380,0,0,1,0,0,0,0,0,0,0,0.035489384,0
24915.06,224241.08,0,0.11110836604961055,1443,0,0,0,1,0,0,0,0,0,0,0.03713064,0
44601.01,329872.66,0,0.1352067491740601,3342,0,1,0,0,0,0,0,0,0,0,0.027231567,0
66048.51,159315.01,0,0.414578073968046,3002,0,0,1,0,0,0,0,0,0,0,0.041030433,0
43790.6,100840.1,0,0.4342578002203488,2861,0,0,1,0,0,0,0,0,0,0,0.04170831,0
55156.65,53623.42,1,1.028592544078688,2846,0,1,0,0,0,0,0,0,0,1,0.7995195,1
26588.47,41793.72,0,0.6361833787468548,3367,0,0,0,1,0,0,0,0,0,0,0.02597155,0
9614.3,90993.58,0,0.10565910254327832,3145,0,1,0,0,0,0,0,0,0,0,0.023413967,0
67686.8,100527.74,0,0.6733146492699428,580,0,0,1,0,0,0,0,0,0,0,0.044189233,0
95711.64,332103.76,0,0.28819800173295235,2822,0,0,1,0,0,1,1,1,2,0,0.047039773,0
31141.04,287094.14,0,0.10846978625199385,1172,0,0,0,1,0,0,0,0,0,0,0.03318501,0
24767.58,374479.86,0,0.06613861690719497,455,0,0,0,1,0,0,0,0,0,0,0.040099584,0
16609.59,121216.52,0,0.1370241448937818,961,0,0,0,1,0,0,0,0,0,0,0.03608525,0
81855.65,155673.75,0,0.525815367073768,1025,0,0,1,0,0,0,0,0,0,0,0.029181987,0
62166.75,339925.04,0,0.18288370283048289,2918,0,0,1,0,0,0,1,1,1,0,0.051599234,0
12169.68,229619.11,0,0.052999421520273295,2179,1,0,0,0,0,0,0,0,0,0,0.03574088,0
37879.08,55574.09,0,0.6815960459271578,2451,0,1,0,0,0,0,0,0,0,0,0.03726035,0
66999.21,250397.23,0,0.2675716899903406,504,0,1,0,0,0,0,1,1,1,0,0.028568907,0
2492.87,29797.72,0,0.08365975651828395,1862,1,0,0,0,0,0,1,1,1,0,0.055765163,0
20594.64,158231.94,0,0.1301547588938112,2310,0,0,1,0,0,0,0,0,0,0,0.04172498,0
22310.5,234459.99,0,0.09515696046903355,2782,0,0,1,0,0,0,0,0,0,0,0.038592022,0
35705.56,102336.19,0,0.34890452732312977,1861,0,0,0,1,0,0,0,0,0,0,0.03381925,0
23025.96,125227.26,0,0.18387338347896456,1891,0,0,1,0,0,0,0,0,0,0,0.038508188,0
27743.08,39893.73,0,0.6954245692242866,1491,0,0,0,1,0,0,0,0,0,0,0.04328348,0
39335.64,129961.89,0,0.3026705751970828,1199,0,0,1,0,0,0,0,0,0,0,0.04469845,0
13941.01,10333.89,1,1.3490573249763642,1191,1,0,0,0,0,0,0,0,0,1,0.844347,1
13514.92,337935.76,0,0.039992571369185666,441,0,0,1,0,0,0,0,0,0,0,0.041382305,0
33630.57,46119.17,1,0.7292102177901294,2172,0,0,0,1,0,0,0,0,0,1,0.71632785,1
25851.42,49612.2,0,0.5210698175045654,2927,1,0,0,0,0,0,0,0,0,0,0.027635716,0
63196.36,162182.98,0,0.38966086330390526,2071,0,0,1,0,0,0,0,0,0,0,0.042847984,0
8649.35,305992.67,0,0.028266526776605468,2815,1,0,0,0,0,0,0,0,0,0,0.033568606,0
29067.99,318402.47,0,0.09129323023153685,3408,0,0,1,0,0,0,0,0,0,0,0.031282846,0
21722.42,264494.12,0,0.08212817736742124,1629,0,0,0,1,0,0,0,0,0,0,0.0382368,0
14605.97,77899.35,0,0.1874979701371064,1720,0,1,0,0,0,0,0,0,0,0,0.024478989,0
54203.79,292969.56,0,0.18501509167027455,1397,0,0,1,0,0,0,0,0,0,0,0.038452525,0
18765.66,141708.75,0,0.1324241445923417,3576,1,0,0,0,0,0,0,0,0,0,0.03202044,0
11657.33,231074.67,0,0.05044832477744099,1279,1,0,0,0,0,0,0,0,0,0,0.03524592,0
16515.15,130055.26,0,0.12698563672088312,2146,1,0,0,0,0,0,0,0,0,0,0.03659155,0
31880.13,82641.04,0,0.3857663214306113,3248,0,1,0,0,0,0,0,0,0,0,0.025973404,0
61340.88,435525.07,0,0.1408435110291125,2187,0,1,0,0,0,0,0,0,0,0,0.032251738,0
48858.21,64778.81,0,0.7542313605328657,557,0,1,0,0,0,0,0,0,0,0,0.052693356,0
16108.75,309434.47,0,0.0520586798232272,1811,0,1,0,0,0,0,0,0,0,0,0.022922145,0
58936.51,214152.89,0,0.27520763320074737,790,0,0,1,0,0,0,0,0,0,0,0.041901454,0
7908.65,244935.44,0,0.03228871248684959,2603,1,0,0,0,0,0,0,0,0,0,0.036341455,0
36361.51,21537.19,1,1.688312635028061,2730,0,0,1,0,0,0,0,0,0,1,0.6746112,1
43142.65,344302.21,0,0.125304597957707,1973,0,1,0,0,0,0,0,0,0,0,0.028956749,0
32700.03,80205.0,0,0.40770562932485505,1489,0,0,0,1,0,0,0,0,0,0,0.038674045,0
53007.12,52737.67,0,1.0051092511292214,2619,0,1,0,0,0,0,0,0,0,0,0.045489952,0
69477.16,43699.31,1,1.5898914651055134,1686,0,1,0,0,0,0,0,0,0,1,0.774239,1
38924.53,159831.58,0,0.24353466317482442,3619,0,1,0,0,0,0,0,0,0,0,0.054762017,0
17914.11,60475.69,0,0.29622001832471856,2090,1,0,0,0,0,0,0,0,0,1,0.04006759,0
9004.84,111407.79,0,0.0808277410403707,2859,0,0,0,1,0,0,0,0,0,0,0.03698777,0
17764.92,47749.0,0,0.37204800100525665,460,0,0,0,1,0,0,0,0,0,0,0.03525481,0
51406.28,79024.61,0,0.6505097589219359,1809,0,1,0,0,0,0,0,0,0,0,0.01910515,0
5139.08,9589.91,0,0.5358840698192162,2628,1,0,0,0,0,0,0,0,0,0,0.025782095,0
55649.73,151310.92,0,0.3677839643034356,3468,0,1,0,0,0,0,0,0,0,0,0.02541426,0
21659.18,55463.47,0,0.39051253013920695,1530,1,0,0,0,0,0,0,0,0,0,0.038630627,0
44589.3,17455.69,1,2.5544278112180043,2345,0,1,0,0,1,0,0,1,1,1,0.72776055,1
54403.07,136015.89,0,0.39997584105798223,764,0,1,0,0,0,0,0,0,0,0,0.027059766,0
36946.09,110257.66,0,0.33508864599520793,651,0,1,0,0,0,0,0,0,0,0,0.025139522,0
22186.75,42568.56,0,0.5212003882677733,2440,1,0,0,0,0,0,0,0,0,0,0.03600735,0
88430.69,4544.93,1,19.456997137469664,1962,0,0,1,0,1,1,0,1,2,1,0.6965453,1
19303.96,24783.42,1,0.7789062203682946,1269,1,0,0,0,0,0,0,0,0,1,0.8546296,1
96916.03,2487.98,1,38.95370139631348,2793,0,0,1,0,1,1,1,1,3,0,0.8727679,1
54247.48,232777.62,0,0.23304422478415238,1770,0,0,1,0,0,0,0,0,0,0,0.04045139,0
6145.07,10840.46,0,0.56686432125574,645,0,1,0,0,0,0,0,0,0,0,0.035275333,0
41887.12,314333.95,0,0.1332567481177264,1458,0,1,0,0,0,0,0,0,0,0,0.025181416,0
24683.55,32020.9,1,0.7708574712141132,609,1,0,0,0,0,0,0,0,0,0,0.8680832,1
4793.69,3391.57,1,1.413413256987177,3286,0,0,0,1,0,1,1,1,2,1,0.8239407,1
97767.32,3278.91,1,29.817018460403002,3177,0,0,1,0,1,1,1,1,3,1,0.8727679,1
5862.63,40468.22,0,0.14486997451333417,1968,1,0,0,0,0,0,0,0,0,0,0.05220569,0
86925.21,63859.33,1,1.3611982775265572,1331,0,0,1,0,0,0,0,0,0,1,0.74507165,1
25763.03,77243.63,0,0.3335295091647039,1568,1,0,0,0,0,0,0,0,0,1,0.039438255,0
40925.87,47105.36,0,0.8688155657869933,2811,0,1,0,0,0,0,0,0,0,0,0.045242615,0
2546.82,118026.45,0,0.02157838348946359,2191,1,0,0,0,0,0,0,0,0,0,0.035381816,0
7608.78,46618.63,0,0.1632132904806512,728,0,1,0,0,0,0,0,0,0,0,0.0322776,0
55139.71,167614.02,0,0.3289683643408827,3539,0,1,0,0,0,0,0,0,0,0,0.027994713,0
69734.19,69394.29,1,1.004898097523586,2554,0,0,1,0,0,0,0,0,0,0,0.75755566,1
8232.05,395497.46,0,0.020814419389697216,1508,1,0,0,0,0,0,0,0,0,0,0.045310143,0
60575.87,98201.9,0,0.6168502849741198,2376,0,0,1,0,0,0,0,0,0,0,0.02822866,0
29762.29,324792.89,0,0.09163467217524374,2459,0,0,0,1,0,0,0,0,0,0,0.039661054,0
8560.94,8679.65,0,0.9863231812342664,1663,1,0,0,0,0,0,0,0,0,0,0.04681273,0
4722.28,152194.54,0,0.031027919924065603,3167,1,0,0,0,0,0,0,0,0,1,0.03118734,0
29316.87,270019.15,0,0.1085732993382136,2487,0,1,0,0,0,0,0,0,0,0,0.026966847,0
51479.31,388323.64,0,0.1325680558618579,1027,0,0,1,0,0,0,0,0,0,0,0.053777,0
48278.37,194634.17,0,0.24804673300685073,3200,0,0,0,1,0,0,0,0,0,1,0.030210743,0
78398.5,62934.28,1,1.2457201385318144,1397,0,0,1,0,0,0,0,0,0,1,0.74507165,1
64852.01,64440.15,0,1.006391356941286,2527,0,0,1,0,0,0,0,0,0,0,0.06871612,0
40013.55,4214.68,1,9.493852439568366,3618,0,1,0,0,1,1,0,1,2,1,0.7936934,1
99293.63,325321.89,0,0.3052165656605524,1322,0,0,1,0,0,1,1,1,2,0,0.042450592,0
68457.54,31063.46,1,2.203796357521023,3043,0,1,0,0,0,0,0,0,0,1,0.7518164,1
45984.33,81121.93,0,0.5668544868200251,1683,0,0,0,1,0,0,0,0,0,0,0.028237252,0
43254.74,306323.06,0,0.14120628071552954,2764,0,0,0,1,0,0,0,0,0,0,0.036023676,0
30616.09,110280.34,0,0.27762056228698606,3007,0,1,0,0,0,0,0,0,0,0,0.02489984,0
18936.4,29011.61,0,0.6527179980704277,2850,0,0,1,0,0,0,0,0,0,0,0.032398663,0
53876.44,29836.64,1,1.805714048230632,2700,0,0,1,0,0,0,0,0,0,1,0.7347548,1
65964.17,380340.09,0,0.17343470155880752,949,0,0,1,0,0,0,0,0,0,0,0.052913807,0
19543.47,122801.66,0,0.15914662717100078,1380,0,0,0,1,0,0,0,0,0,0,0.03608525,0
35597.83,161663.92,0,0.22019650395709814,2779,0,0,1,0,0,0,0,0,0,0,0.033972897,0
43411.14,56078.0,1,0.7741206890402653,878,0,0,1,0,0,0,0,0,0,1,0.7795741,1
33082.78,50350.82,0,0.6570455059123168,2884,0,1,0,0,0,0,0,0,0,0,0.018128501,0
4285.69,170667.53,0,0.02511133781569347,1926,1,0,0,0,0,0,0,0,0,0,0.035381816,0
20049.98,200167.1,0,0.10016621113060038,1545,1,0,0,0,0,0,0,0,0,0,0.03608525,0
27625.79,118553.29,0,0.23302423745473452,882,0,1,0,0,0,0,0,0,0,0,0.024136702,0
51802.85,223798.75,0,0.23147068515798233,1809,0,0,1,0,0,0,0,0,0,0,0.04045139,0
7920.25,153973.33,0,0.05143910312259922,2100,0,0,0,1,0,0,0,0,0,0,0.035381816,0
5786.59,121775.19,0,0.047518628383991846,869,1,0,0,0,0,0,0,0,0,0,0.034891654,0
43022.95,8574.8,0,5.017370667537436,3243,0,0,0,1,1,1,0,1,2,0,0.049820177,0
36098.39,36559.54,1,0.9873863292590661,2745,0,1,0,0,0,0,0,0,0,1,0.67797613,1
14429.13,131722.04,0,0.1095422603536963,657,1,0,0,0,0,0,0,0,0,0,0.038783178,0
41663.61,156837.62,0,0.2656480632644132,3501,0,0,1,0,0,0,0,0,0,0,0.036083728,0
25789.34,15941.46,1,1.6177527027010075,2878,0,1,0,0,0,0,0,0,0,1,0.8678045,1
20789.13,176580.22,0,0.1177319294312806,2205,0,1,0,0,0,0,0,0,0,0,0.026271677,0
7873.14,333221.16,0,0.023627371082916827,3165,0,0,0,1,0,0,0,0,0,1,0.036327146,0
96801.33,172852.36,0,0.5600231897325556,2883,0,0,1,0,0,0,1,1,1,0,0.03164694,0
27835.4,100399.16,0,0.2772473395195737,1535,0,1,0,0,0,0,0,0,0,0,0.025658282,0
41851.16,149674.53,0,0.2796144407468659,3164,0,0,0,1,0,0,0,0,0,0,0.03342007,0
19220.74,348871.09,0,0.0550941036702124,1951,0,1,0,0,0,0,0,0,0,0,0.026367916,0
74555.47,183653.2,0,0.40595791415559324,2154,0,0,1,0,0,0,1,1,1,0,0.04595025,0
19885.78,46001.25,0,0.432287818265808,2391,0,0,0,1,0,0,0,0,0,0,0.039589748,0
45954.75,17151.38,1,2.679361660694358,3015,0,1,0,0,1,0,0,1,1,1,0.7324912,1
15747.8,16109.38,1,0.977554691738602,2103,0,0,0,1,0,0,0,0,0,1,0.85363054,1
65272.05,216144.78,0,0.30198300416970514,936,0,1,0,0,0,0,0,0,0,1,0.026613364,0
16097.58,222614.47,0,0.0723114719362133,3019,0,1,0,0,0,0,0,0,0,0,0.022457551,0
2708.16,106422.59,0,0.025447228826135503,1540,1,0,0,0,0,0,0,0,0,0,0.034891654,0
23494.91,53083.97,0,0.4425989616074306,3532,1,0,0,0,0,0,0,0,0,0,0.03428929,0
25524.94,155554.96,0,0.1640895282284795,2487,1,0,0,0,0,0,0,0,0,0,0.04141972,0
4089.33,181379.35,0,0.022545730812245163,1308,1,0,0,0,0,0,1,1,1,0,0.034891654,0
34404.69,92332.06,0,0.37261910976534046,2211,0,0,0,1,0,0,0,0,0,0,0.03429489,0
38953.45,217799.82,0,0.17884978050027772,3310,0,0,0,1,0,0,0,0,0,0,0.032180652,0
32327.88,369783.87,0,0.08742371591275737,1769,0,1,0,0,0,0,0,0,0,0,0.034261864,0
10011.14,139775.63,0,0.07162292883244382,2366,1,0,0,0,0,0,0,0,0,0,0.033213016,0
10667.83,173716.08,0,0.06140957129587544,1877,0,0,1,0,0,0,0,0,0,0,0.034062367,0
44368.16,156269.63,0,0.28392055449289794,567,0,0,0,1,0,0,0,0,0,0,0.04488211,0
12397.09,259255.13,0,0.047818108748706345,653,0,0,0,1,0,0,0,0,0,0,0.036523312,0
41614.27,201711.28,0,0.2063061123800315,789,0,0,0,1,0,0,1,1,1,0,0.03896217,0
14759.14,76736.93,0,0.1923342515787379,3231,1,0,0,0,0,0,0,0,0,0,0.02905527,0
19529.25,431534.57,0,0.04525535462894664,1847,1,0,0,0,0,0,0,0,0,0,0.05035133,0
17511.25,312619.92,0,0.05601450476988159,748,0,1,0,0,0,0,0,0,0,0,0.02128091,0
49898.8,254056.68,0,0.19640814010479868,1324,0,0,1,0,0,0,0,0,0,0,0.04045139,0
13724.1,66915.45,0,0.2050961325075151,724,0,0,0,1,0,0,0,0,0,0,0.037203226,0
90036.1,281993.13,0,0.3192847286740638,2281,0,0,1,0,0,0,0,0,0,0,0.039294254,0
4127.72,74848.55,0,0.055147628110364194,721,0,0,0,1,0,0,0,0,0,0,0.034891654,0
28896.58,74613.21,0,0.3872850397402819,1453,1,0,0,0,0,0,0,0,0,0,0.037802022,0
37277.86,65229.69,0,0.5714860824878978,701,0,0,0,1,0,0,0,0,0,0,0.032999367,0
18180.0,53442.76,0,0.34017704175458,3294,0,1,0,0,0,0,0,0,0,0,0.0263278,0
29770.25,435938.57,0,0.0682900115949823,1596,0,1,0,0,0,0,0,0,0,0,0.025460444,0
68496.0,314706.68,0,0.2176502894695467,2102,0,1,0,0,0,0,0,0,0,0,0.02411854,0
1951.36,437307.54,0,0.004462214394931311,853,0,0,0,1,0,1,1,1,2,0,0.09761087,0
37634.2,74060.79,0,0.5081528295876941,669,0,1,0,0,0,0,0,0,0,0,0.026655154,0
4181.03,98744.65,0,0.042341838266680774,3344,1,0,0,0,0,0,0,0,0,0,0.03190899,0
27417.28,304507.18,0,0.09003820533886918,2528,1,0,0,0,0,0,0,0,0,0,0.040414367,0
25663.15,459521.82,0,0.055847511223732535,1659,1,0,0,0,0,0,0,0,0,0,0.04375837,0
10118.93,250572.64,0,0.04038321981202736,1990,0,0,0,1,0,0,0,0,0,0,0.03445481,0
16924.38,172936.63,0,0.09786463399917068,1074,0,0,0,1,0,0,0,0,0,0,0.03608525,0
16436.21,385734.73,0,0.042610137801177506,2988,0,1,0,0,0,0,0,0,0,0,0.03073188,0
10103.23,110748.36,0,0.09122690394692977,419,0,1,0,0,0,0,0,0,0,0,0.02177139,0
15982.18,330054.68,0,0.048422824969486876,2266,0,0,0,1,0,0,0,0,0,0,0.043419775,0
9003.75,331931.81,0,0.027125300223560977,3211,1,0,0,0,0,0,0,0,0,0,0.035308994,0
6301.15,119370.28,0,0.052786589760868446,2526,0,0,0,1,0,0,0,0,0,0,0.04045532,0
8305.4,101624.43,0,0.08172641165121418,2098,0,0,0,1,0,0,0,0,0,0,0.03742467,0
98892.93,145225.56,0,0.6809609134920878,1805,0,0,1,0,0,0,1,1,1,0,0.04739285,0
85709.27,68496.15,1,1.251300547549023,2315,0,0,1,0,0,0,0,0,0,0,0.74780804,1
97509.58,96473.74,1,1.01073701506752,692,0,0,1,0,0,0,0,0,0,0,0.63296473,1
10093.39,92207.05,0,0.10946440646349709,1055,1,0,0,0,0,0,0,0,0,0,0.035743993,0
58269.68,110718.44,0,0.526287039448894,2956,0,0,1,0,0,0,0,0,0,1,0.027013736,0
21578.69,128354.23,0,0.16811826147061923,1942,1,0,0,0,0,0,0,0,0,0,0.03620349,0
20620.98,45725.62,0,0.4509721245988572,424,0,1,0,0,0,0,0,0,0,0,0.028771091,0
4225.77,95452.75,0,0.044270804141316,2230,1,0,0,0,0,0,0,0,0,0,0.035381816,0
4398.21,143217.58,0,0.03070998686055162,1460,1,0,0,0,0,0,0,0,0,0,0.034891654,0
56804.52,36025.84,1,1.5767715617456803,3269,0,1,0,0,0,0,0,0,0,1,0.7270946,1
15642.61,163858.19,0,0.09546431582089367,2172,0,0,1,0,0,0,0,0,0,0,0.039464395,0
72054.02,184204.42,0,0.3911633607923197,415,0,0,1,0,0,0,0,0,0,0,0.040763624,0
6930.46,81006.28,0,0.08555460144571507,2495,1,0,0,0,0,0,0,0,0,0,0.04391887,0
59443.97,277198.9,0,0.21444518719230127,838,0,1,0,0,0,0,0,0,0,0,0.024821036,0
66937.69,171669.34,0,0.3899222190753457,658,0,1,0,0,0,0,0,0,0,0,0.028624149,0
7116.07,193666.99,0,0.036743845711651735,704,0,0,0,1,0,0,0,0,0,0,0.03750381,0
21052.15,337266.47,0,0.062419931634472896,2719,0,0,0,1,0,0,0,0,0,0,0.042186197,0
26009.39,53520.85,0,0.48596743138421755,1463,0,0,0,1,0,0,0,0,0,0,0.04017117,0
26920.2,132796.79,0,0.20271724941544145,2589,1,0,0,0,0,0,0,0,0,0,0.034545083,0
32792.47,61889.67,0,0.5298536896383517,3539,0,0,0,1,0,0,0,0,0,0,0.021868438,0
24375.45,58154.51,0,0.419149778753187,3281,0,0,0,1,0,0,0,0,0,0,0.031499743,0
15472.04,124843.53,0,0.12393145243489992,747,1,0,0,0,0,0,0,0,0,0,0.03608525,0
41810.43,304792.39,0,0.13717675168989618,446,0,0,0,1,0,0,0,0,0,0,0.03913741,0
70754.67,411491.37,0,0.17194691106158558,660,0,0,1,0,0,1,0,1,1,0,0.056795787,0
5855.58,57344.56,0,0.10211221430594289,1938,0,1,0,0,0,0,0,0,0,0,0.033130206,0
43611.23,169468.86,0,0.25734067013845496,1707,0,0,0,1,0,0,0,0,0,0,0.041461032,0
39414.08,35890.13,1,1.098187161762858,2138,0,0,0,1,0,0,0,0,0,0,0.71680593,1
55607.66,50635.46,1,1.0981960073039725,665,0,1,0,0,0,0,0,0,0,1,0.7627129,1
68240.76,135519.01,0,0.5035511992007615,1186,0,1,0,0,0,0,0,0,0,0,0.018787442,0
20192.52,253115.45,0,0.0797759283362592,2934,1,0,0,0,0,0,0,0,0,0,0.038729902,0
21239.5,25342.32,1,0.8381040094198163,1562,0,0,1,0,0,0,0,0,0,1,0.85668623,1
16871.53,96935.85,0,0.17404840417657655,1734,0,1,0,0,0,0,0,0,0,0,0.024478989,0
41165.87,131587.78,0,0.31283961170254565,1401,0,0,0,1,0,0,0,0,0,0,0.041461032,0
48503.47,213722.89,0,0.22694560231709388,2292,0,0,0,1,0,0,0,0,0,0,0.038034987,0
25034.3,106493.21,0,0.23507883742071442,1760,1,0,0,0,0,0,0,0,0,0,0.03713064,0
23598.38,100382.34,0,0.23508497610237022,1266,1,0,0,0,0,0,0,0,0,0,0.035702363,0
37755.03,369995.5,0,0.10204186267130276,1395,0,0,1,0,0,0,0,0,0,0,0.055932507,0
6405.79,105786.72,0,0.06055381998799093,3631,0,0,0,1,0,0,0,0,0,0,0.031928796,0
31149.41,114416.66,0,0.27224540552048976,2390,0,0,0,1,0,0,0,0,0,0,0.037615437,0
28018.49,12147.05,1,2.306608600442083,3545,0,1,0,0,1,0,0,1,1,1,0.53252006,1
10296.46,218924.21,0,0.047032075621056255,2000,1,0,0,0,0,0,0,0,0,0,0.03574088,0
2246.6,97867.67,0,0.022955486730193944,2147,0,0,0,1,0,0,0,0,0,0,0.035381816,0
49438.71,162586.66,0,0.3040760539640829,914,0,1,0,0,0,0,0,0,0,0,0.027059766,0
11463.89,184093.0,0,0.0622722754260075,1018,1,0,0,0,0,0,0,0,0,0,0.03275188,0
42307.34,168848.45,0,0.2505639820797881,1959,0,0,1,0,0,0,0,0,0,0,0.04531991,0
25145.84,69898.79,0,0.35974642765632997,2159,1,0,0,0,0,0,0,0,0,0,0.04122341,0
2108.46,166656.63,0,0.012651521874647291,2334,0,0,0,1,0,0,1,1,1,0,0.07829198,0
8256.3,126174.33,0,0.0654356555727302,2909,0,0,0,1,0,0,0,0,0,0,0.03163907,0
27804.92,280947.59,0,0.09896835206879687,3163,0,0,0,1,0,0,0,0,0,0,0.027576836,0
31032.02,124420.41,0,0.24941261646702498,3280,0,0,0,1,0,0,0,0,0,0,0.028110402,0
26347.89,37558.92,1,0.7015081903313514,553,0,0,1,0,0,0,0,0,0,1,0.86631,1
54462.62,374166.04,0,0.14555735737000614,2584,0,1,0,0,0,0,0,0,0,0,0.031384654,0
24480.26,408811.03,0,0.05988160348804678,562,1,0,0,0,0,0,0,0,0,0,0.04739903,0
23639.66,178367.83,0,0.1325332039976043,2074,1,0,0,0,0,0,0,0,0,0,0.03620349,0
3676.69,37842.76,0,0.09715702554464843,1962,0,0,0,1,0,0,0,0,0,0,0.05220569,0
25440.13,65994.14,0,0.38549074205679473,1345,1,0,0,0,0,0,0,0,0,0,0.040655732,0
5309.51,69833.12,0,0.07603140171884058,576,1,0,0,0,0,0,0,0,0,0,0.044018954,0
21953.39,27280.05,1,0.8047415602244131,905,1,0,0,0,0,0,0,0,0,1,0.85668623,1
21178.3,20816.24,1,1.0173931507323128,2661,0,0,1,0,0,0,0,0,0,1,0.84548485,1
9475.74,79774.06,0,0.11878222068677462,2131,0,1,0,0,0,0,0,0,0,0,0.023694478,0
41792.13,27585.11,0,1.5150249536797205,1935,0,0,0,1,0,0,0,0,0,0,0.07110966,0
10893.21,197450.02,0,0.055169455034747523,1849,0,0,0,1,0,0,0,0,0,0,0.033977035,0
37215.87,117186.2,0,0.3175789470091189,2001,0,0,1,0,0,0,0,0,0,0,0.03769899,0
34712.84,100395.89,0,0.3457595724287119,2987,0,1,0,0,0,0,0,0,0,0,0.022675328,0
22503.49,22538.86,1,0.9984307103376125,1271,0,1,0,0,0,0,0,0,0,0,0.8657502,1
17592.37,58528.7,0,0.30057681103458644,545,0,1,0,0,0,0,0,0,0,0,0.024202362,0
19781.43,220506.66,0,0.08970899110258167,1098,1,0,0,0,0,0,0,0,0,0,0.03864578,0
28556.69,274270.65,0,0.10411865068318464,2020,0,1,0,0,0,0,0,0,0,0,0.024479609,0
28269.13,205055.17,0,0.13786109367542404,2280,1,0,0,0,0,0,0,0,0,0,0.036086157,0
24910.64,380778.48,0,0.06542029370987562,3536,1,0,0,0,0,0,0,0,0,0,0.0441897,0
39841.62,393835.84,0,0.10116301248763952,702,0,1,0,0,0,0,0,0,0,0,0.03282426,0
23041.8,75349.79,0,0.30579779983461136,1450,0,0,1,0,0,0,0,0,0,0,0.040897783,0
12367.21,101831.64,0,0.12144761687035581,2885,0,0,0,1,0,0,0,0,0,0,0.033448193,0
16313.99,61899.05,0,0.26355800290957615,2994,1,0,0,0,0,0,0,0,0,0,0.038363256,0
32280.59,64542.36,0,0.5001457957223752,3192,0,0,1,0,0,0,0,0,0,0,0.023410833,0
13018.39,141667.77,0,0.09189380195650712,1123,1,0,0,0,0,0,0,0,0,0,0.03828127,0
25545.54,159252.85,0,0.16040868342387593,480,0,0,0,1,0,0,0,0,0,0,0.033520963,0
37324.45,24368.35,1,1.5316773601823677,2026,0,0,1,0,0,0,0,0,0,1,0.669319,1
53073.58,116906.77,0,0.45398209188398586,1008,0,0,1,0,0,0,0,0,0,0,0.042956177,0
21921.11,309468.49,0,0.07083470759817906,2113,0,0,1,0,0,0,0,0,0,0,0.03401212,0
1498.58,392416.44,0,0.003818851218363838,3377,0,0,0,1,0,1,0,1,1,0,0.11139918,0
27988.07,217651.17,0,0.1285914061477363,3608,1,0,0,0,0,0,0,0,0,0,0.031576112,0
22788.31,128079.96,0,0.17792252589710367,2604,0,1,0,0,0,0,0,0,0,0,0.023499314,0
45394.95,182684.74,0,0.2484879142067367,3153,0,0,0,1,0,0,0,0,0,0,0.030210743,0
38461.31,20887.55,1,1.8413509482921644,1417,0,0,0,1,0,0,0,0,0,1,0.71752393,1
44045.81,160932.05,0,0.273691971238793,3431,0,0,0,1,0,0,0,0,0,0,0.029881509,0
51650.0,36840.19,1,1.402001455475664,3120,0,1,0,0,0,0,0,0,0,1,0.7322155,1
21618.83,156697.2,0,0.13796564329164784,1982,1,0,0,0,0,0,0,0,0,0,0.03620349,0
99041.95,102944.67,0,0.962089149443094,2273,0,0,1,0,0,0,0,0,0,0,0.048278857,0
11629.85,217366.07,0,0.05350352058166208,3288,0,0,1,0,0,0,0,0,0,0,0.031182466,0
74714.99,70373.87,1,1.0616865322313525,1309,0,0,1,0,0,0,0,0,0,0,0.7504208,1
25443.3,140703.34,0,0.1808293960896735,2284,0,1,0,0,0,0,0,0,0,0,0.025554508,0
10190.22,289796.27,0,0.03516339254470045,488,1,0,0,0,0,0,0,0,0,0,0.03190063,0
4708.16,116042.15,0,0.040572843574511505,2022,1,0,0,0,0,0,0,0,0,0,0.035381816,0
58768.31,29879.87,1,1.9668194674207082,3112,0,1,0,0,0,0,0,0,0,1,0.74436474,1
10730.69,126852.55,0,0.08459183516610427,3056,0,0,1,0,0,0,0,0,0,1,0.039890435,0
